ticket_id,created_at,channel,order_value,text,category
T100001,2025-08-07 05:44:48,chat,18.64,Ugh dasher asked me to cancel the order second time this week,dasher_feedback
T100002,2025-08-03 13:37:34,chat,35.57,They forogt my dumplings again. also card got declined but the money still left my account this is ridiculous,missing_item
T100003,2025-08-28 13:52:23,chat,41,"hey supoprt, no side of rice in my delivery thanks",missing_item
T100004,2025-09-19 11:16:39,chat,92.04,UGH COMPLETELY WRONG ORDER DELIVERED TO ME SECOND TIME THIS WEEK,wrong_order
T100005,2025-09-12 03:47:12,email,96.12,"Where is my order, it said it would arrive 47 minutes ago second time this week",late_delivery
T100006,2025-08-08 03:35:51,chat,13.22,hello charged $69 but the app showed a lower total please help,payment_issue
T100007,2025-08-11 14:00:39,app_form,104.46,urgent: dasher has not moved on the map for 20 minutes second time this week,late_delivery
T100008,2025-08-26 08:55:49,email,81.08,order #376918: estimated arrival went from 27 to 85 minutes can i get a refund,late_delivery
T100010,2025-08-18 19:18:44,email,53.59,hello the dasher was really rude to me at the door this is ridiculous,dasher_feedback
T100011,2025-09-02 03:10:16,email,35.56,"still waiting on my food, the eta keeps moving. also my order came without the salad this is ridiculous",late_delivery
T100012,2025-08-09 00:38:44,chat,62.77,"urgent: restaurant left out the chciken sandwich, want the money back for it this is ridiculous",missing_item
T100014,2025-08-09 03:30:40,chat,15.06,Urgent: order is 53 minutes late and still not here very disappointed,late_delivery
T100015,2025-09-02 14:31:31,email,100.28,"ORDER #932223: STILL WAITING ON MY FOOD, THE ETA KEEPS MOIVNG",late_delivery
T100016,2025-09-28 06:50:24,email,58.94,"ugh where is my order, it said it would arrive 38 minutes ago. also dasher ate some of my salad, the box was opened",late_delivery
T100017,2025-09-06 20:35:27,chat,28.97,"Hi, estimated arrival went from 44 to 68 minutes",late_delivery
T100020,2025-08-10 03:36:12,chat,59.65,"ugh still watiing on my food, the eta keeps moving. also estimated arrival went from 50 to 83 minutes",late_delivery
T100022,2025-08-09 04:41:13,chat,10.54,charged $85 but the app showed a lower total fix this asap,payment_issue
T100023,2025-08-16 14:38:09,email,13.36,drievr ignored the drop off instructions second time this week,dasher_feedback
T100025,2025-09-18 13:11:52,email,73.15,"hey support, no fries in my delivery can i get a refund",missing_item
T100026,2025-08-26 15:20:58,email,110.62,the verification code is not working fix this asap,account_access
T100027,2025-08-25 09:02:45,chat,44.45,HELLO ORDER IS 28 MINUTES LATE AND SITLL NOT HERE VERY DISAPPOINTED,late_delivery
T100028,2025-08-24 09:51:44,chat,77.08,"urgent: still waiting on my food, the eta keeps moving tahnks",late_delivery
T100030,2025-08-14 17:35:45,app_form,43.5,hello only got 3 of the 5 items i paid for,missing_item
T100031,2025-08-17 16:26:12,email,104.36,"hi, refund was approved 7 days ago but never hit my cadr. also charged $73 but the app showed a lower total",payment_issue
T100032,2025-09-21 19:38:37,app_form,103.44,it keeps saying my email is not registered this is ridiculous,account_access
T100033,2025-08-17 10:26:38,chat,65.75,bag was sealed but the salad was missnig this is ridiculous,missing_item
T100037,2025-09-15 19:10:54,app_form,103.52,order #872836: estimated arrival went from 37 to 89 minutes,late_delivery
T100038,2025-09-03 01:50:44,email,113.14,"Hey support, still waiting on my food, the eta keeps moving this is ridiculous",late_delivery
T100039,2025-08-11 05:48:19,chat,107.41,hello dasher asked me to cancel the order,dasher_feedback
T100040,2025-08-10 08:05:43,chat,73.53,"hey support, the second pizza was not in the bag fix this asap",missing_item
T100041,2025-08-31 03:48:49,email,15.01,Food finally showed up cold after over an hour second time this week,late_delivery
T100042,2025-08-02 11:21:42,chat,91.46,"HI, FOOD FINALLY SHOWED UP COLD AFTER OVER AN HOUR CAN I GET A REFUND",late_delivery
T100043,2025-08-02 14:26:10,chat,88.32,"hi, the burrito was not in the bag very disappointed",missing_item
T100044,2025-09-29 13:02:03,email,75.78,order #581945: cant log in to my account can i get a reufnd,account_access
T100045,2025-08-19 18:39:07,email,112.22,"Hey support, my account got locked after i changed my phone number very disappointed",account_access
T100046,2025-08-12 17:55:16,chat,64.8,"Hi, the pad thai was not in the bag. also no slaad in my delivery second time this week",missing_item
T100047,2025-09-05 07:25:31,chat,55.81,ugh no burrito in my delivery please help,missing_item
T100048,2025-08-02 05:38:31,chat,117.37,odrer #104632: i ordered the second pizza but they sent salad. also promo code did not apply at checkout thanks,wrong_order
T100050,2025-08-07 11:44:29,email,28.99,"Hi, estimated arrival went from 22 to 88 minutes. also the bag had a different name on it tahnks",late_delivery
T100052,2025-09-03 20:12:06,app_form,83.39,"dasher ate some of my chicken sandwich, the box was opened",dasher_feedback
T100054,2025-08-02 00:29:57,chat,27.18,urgent: they forgot my salad again fix this asap,missing_item
T100055,2025-09-06 07:00:08,app_form,11.58,order #460686: the verification code is not working,account_access
T100056,2025-08-19 01:24:59,chat,81.28,ugh completely wrong order delivered to me,wrong_order
T100057,2025-09-23 06:02:19,chat,50.08,"ugh where is my order, it said it would arrive 53 minutes ago thanks",late_delivery
T100058,2025-08-20 23:43:16,chat,27.51,odrer #834880: order is 21 minutes late and still not here can i get a refund,late_delivery
T100059,2025-08-16 10:42:50,chat,46.32,Ugh bag was sealed but the pad thai was missing can i get a refund,missing_item
T100060,2025-08-26 01:25:10,chat,118.49,"ORDER #214483: WHERE IS MY ORDER, IT SAID IT WOULD ARRIVE 38 MINUTES AGO",late_delivery
T100062,2025-09-02 15:42:21,chat,30.9,ugh dasher asked me to cancel the order. also driver ignored the drop off instructions thanks,dasher_feedback
T100064,2025-08-08 16:32:27,app_form,112.27,ugh i was charged twice for the same order. also my tip was taken twice can i get a refund,payment_issue
T100066,2025-08-05 22:23:27,email,18.81,urgent: logged out and now it will not let me sign back in can i get a refund,account_access
T100067,2025-08-21 11:14:20,chat,104.32,THEY FORGOT MY GARLIC BREAD AGAIN CAN I GET A REFUND,missing_item
T100068,2025-09-27 09:55:14,app_form,73.64,"hey support, bag was sealed but the chicken sandwich was missing please help",missing_item
T100070,2025-09-06 16:04:43,app_form,24.7,hello food finally showed up cold after over an hour can i get a refund,late_delivery
T100071,2025-08-05 03:59:46,email,83.59,order #125418: promo code did not apply at checkout thanks,payment_issue
T100074,2025-09-05 04:18:48,chat,86.23,"Hi, refund was approved 12 days ago but never hit my card thanks",payment_issue
T100077,2025-09-14 04:33:28,chat,62.53,"hey suppotr, i was charged twice for the same order. also promo code did not apply at checkout thanks",payment_issue
T100078,2025-08-08 20:46:24,app_form,66.18,"order #759842: still waiting on my food, the eta keeps moving",late_delivery
T100079,2025-08-30 09:40:12,chat,103.12,no side of rice in my delivery,missing_item
T100080,2025-08-30 02:12:39,email,19.29,"order #954742: still waiting on my food, the eta keeps moving",late_delivery
T100082,2025-09-22 11:39:53,app_form,19.04,Ugh dasher has not mvoed on the map for 55 minutes second time this week,missing_item
T100083,2025-09-10 07:08:06,app_form,53.29,ugh i was charged twice for the same order can i get a refund,payment_issue
T100084,2025-09-14 09:14:18,email,36.72,hello card got declined but the money still left my account can i get a refund,payment_issue
T100085,2025-08-22 06:02:44,email,99.54,It keeps saying my email is not registered,account_access
T100087,2025-09-11 16:03:08,chat,105.89,order #238231: no salad in my delivery,missing_item
T100088,2025-08-29 06:44:28,app_form,71.17,hello my tip was taken twice,payment_issue
T100089,2025-08-25 04:42:39,chat,103.35,order #341863: driver ignored the drop off instructions second time this week,dasher_feedback
T100091,2025-08-19 22:17:30,app_form,58.99,"this is not my order, i got someone elses food can i get a refund",wrong_order
T100092,2025-09-17 22:42:38,chat,27.77,ugh dasher left my food at the wrong building second time this week,dasher_feedback
T100093,2025-08-20 22:41:21,email,13.31,order #797069: completely wrong order delivered to me. also only got 1 of the 4 items i paid for second time this week,wrong_order
T100094,2025-08-13 15:55:24,chat,9.52,my account got locked after i changed my phone number this is ridiculous,account_access
T100095,2025-08-02 23:59:44,email,94.73,"hey support, no dumplings in my delivery",missing_item
T100096,2025-09-09 17:19:23,chat,112.18,hello dasher has not moved on the map for 46 minutes please help,late_delivery
T100097,2025-08-31 09:38:12,chat,90.65,urgent: promo code did not apply at checkout. also esitmated arrival went from 49 to 72 minutes can i get a refund,payment_issue
T100098,2025-08-16 10:19:20,chat,97.79,order #458455: only got 2 of the 6 items i paid for,missing_item
T100099,2025-09-09 14:10:39,email,25.19,"restaurant left out the pad tahi, want the money back for it fix this asap",missing_item
T100103,2025-08-15 00:40:50,chat,88.63,the verificaiton code is not working,account_access
T100104,2025-08-30 15:26:53,email,71.09,Food finally showed up cold after over an hour second time this week,late_delivery
T100106,2025-08-01 01:52:55,app_form,26.47,the garlic bread was not in the bag very disappointed,missing_item
T100107,2025-09-27 13:24:00,chat,116.79,ugh driver ingored the drop off instructions,dasher_feedback
T100108,2025-08-31 13:10:35,chat,41.78,my tip was taken twcie second time this week,payment_issue
T100109,2025-09-20 17:05:43,email,67.95,DASHER ASKED ME TO CANCEL THE ORDER FIX THIS ASAP,dasher_feedback
T100111,2025-09-04 10:48:36,email,112.07,order #909572: card got declined but the money still left my account can i get a refund,payment_issue
T100112,2025-08-17 03:57:29,chat,11.69,"Hey support, food finally showed up cold after over an hour thanks",late_delivery
T100113,2025-08-06 03:38:20,chat,116.23,order #833857: password reset email never arrives fix this asap,account_access
T100114,2025-08-29 20:47:39,email,104.21,refund was approved 8 days ago but never hit my card. also it keeps saying my email is not registered can i get a refund,payment_issue
T100115,2025-09-04 21:52:49,chat,89.84,RECEIVED SALAD INSTEAD OF THE GARLIC BREAD,wrong_order
T100117,2025-08-11 08:09:22,chat,65.44,dasher asked me to cancel the order please help,dasher_feedback
T100118,2025-08-31 14:02:07,app_form,78.61,"Hi, the bag had a different name on it please help",wrong_order
T100119,2025-09-19 08:10:56,chat,34.01,"whree is my order, it said it would arrive 49 minutes ago fix this asap",late_delivery
T100121,2025-09-18 15:20:36,chat,19.74,urgent: they forgot my second pizza again,missing_item
T100124,2025-09-25 10:50:51,chat,20.41,"Hi, wrong items, nothing matches my receipt fix this asap",wrong_order
T100125,2025-09-01 11:10:34,app_form,95.73,"urgent: restaurant left out the burrito, want the money back for it please help",missing_item
T100126,2025-09-06 23:22:44,chat,64.04,hello order is 35 minutes late and still not here thanks,late_delivery
T100127,2025-08-07 14:28:38,email,114.49,"Still waiting on my food, the eta keeps moving",late_delivery
T100128,2025-09-08 00:27:59,app_form,103.47,urgent: the delivery person marked it delivered but never came this is ridiculous,dasher_feedback
T100129,2025-08-22 22:11:55,chat,115.38,"this is not my order, i got someone elses food this is ridiculous",wrong_order
T100130,2025-09-18 09:30:48,chat,60.75,hello received chicken sandwich instead of the burrito. also charged $36 but the app showed a lower total thanks,wrong_order
T100132,2025-09-20 11:02:27,app_form,27.35,"hey support, restaurant left out the garlic bread, want the mnoey back for it",missing_item
T100133,2025-09-08 00:30:27,email,77,"order #824045: dasher ate some of my dumplings, the box was opened very disappionted",dasher_feedback
T100135,2025-08-11 07:42:13,email,110.75,dasher has not moved on the map for 21 minutes second time this week,late_delivery
T100136,2025-09-06 21:34:24,app_form,111.29,my tip was taken twice,payment_issue
T100137,2025-09-16 04:27:47,email,53.82,hello the bag had a different name on it,wrong_order
T100138,2025-09-06 03:16:36,chat,99.18,it keeps saying my email is not registered. also dasher left my food at the wrong building please help,account_access
T100140,2025-09-03 05:48:14,app_form,103.54,Ugh food finally showed up cold after over an hour can i get a refund,late_delivery
T100141,2025-08-09 00:53:09,chat,10.38,ugh order is 52 minutes late and stlil not here please help,late_delivery
T100142,2025-08-05 23:22:40,chat,116.34,hello the verification code is not working can i get a refund,account_access
T100144,2025-09-15 05:47:00,chat,53.91,ugh dasher asked me to cancel the order please help,dasher_feedback
T100145,2025-08-29 00:54:56,chat,55.2,Bag was sealed but the chicken sandwich was missing second time this week,missing_item
T100147,2025-08-15 00:02:24,chat,29.69,urgent: password reset email never arrives,account_access
T100150,2025-09-29 03:34:45,email,19.95,"OREDR #230937: STILL WAITING ON MY FOOD, THE ETA KEEPS MOVING. ALSO COMPLETELY WRONG ORDER DELIVERED TO ME FIX THIS ASAP",late_delivery
T100151,2025-09-19 19:26:14,chat,27.37,"HI, DASHER ASKED ME TO CANCEL THE ORDER THANKS",dasher_feedback
T100152,2025-08-29 09:51:39,app_form,17.28,Urgent: the dasher was really rude to me at the door. also bag was sealed but the drink was missing sceond time this week,dasher_feedback
T100154,2025-09-29 19:56:34,chat,58.29,"hi, bag was sealed but the pad thai was missing. also recieved pad thai instead of the drink",missing_item
T100156,2025-09-19 13:13:10,app_form,77.71,"Ugh restaurant left out the pad thai, want the money back for it can i get a refund",missing_item
T100157,2025-09-23 22:05:53,email,75.02,ugh driver ignored the drop off instructions thanks,wrong_order
T100158,2025-08-26 23:31:18,chat,82.84,logged out and now it will not let me sign back in. also it keeps saying my email is not registered fix this asap,account_access
T100159,2025-08-24 03:40:42,app_form,56.95,"CHARGED $71 BUT THE APP SHOWED A LOWER TOTAL. ALSO STILL WAITING ON MY FOOD, THE ETA KEEPS MOVING",payment_issue
T100161,2025-08-03 18:14:22,chat,115.51,urgent: they forgot my sauce again fix this asap,missing_item
T100162,2025-09-28 18:20:32,app_form,98.96,"restaurant left out the chicken sandwich, want the money back for it can i get a refund",missing_item
T100163,2025-08-16 05:08:51,app_form,101.27,urgent: charged $48 but the app showed a lwoer total,payment_issue
T100164,2025-09-03 18:13:26,email,41.97,"hey support, where is my odrer, it said it would arrive 40 minutes ago this is ridiculous",late_delivery
T100165,2025-08-20 20:52:25,chat,81.32,the bag had a different name on it. also promo code did not aplpy at checkout thakns,wrong_order
T100166,2025-08-14 06:29:04,email,9.75,my tip was taken twice fix this asap,payment_issue
T100167,2025-09-09 08:27:42,chat,13.06,Order is 46 minutes late and still not here,late_delivery
T100168,2025-08-02 17:03:34,email,117.49,dasher left my food at the wrong building second time this week,dasher_feedback
T100169,2025-09-29 15:25:45,chat,54.68,"hi, only got 1 of the 6 items i paid for. also my tip was taken twice",missing_item
T100170,2025-08-29 17:48:34,app_form,80.37,"Hi, they forgot my garlic bread again second time this week",missing_item
T100171,2025-08-20 13:06:48,email,95.5,they forgot my salad again second time this week,missing_item
T100172,2025-08-05 01:24:10,chat,81.37,"hi, my account got locked after i changed my phone number please help",account_access
T100173,2025-09-12 22:17:13,email,119.14,Hello the sauce was not in the bag second time this week,missing_item
T100175,2025-08-03 18:30:48,chat,19.59,only got 1 of the 5 itmes i paid for thanks,missing_item
T100176,2025-08-25 05:27:14,chat,82.08,dasher has not moved on the map for 31 minutes second time this week,late_delivery
T100178,2025-09-02 19:45:23,chat,66.39,it keeps saying my eamil is not registered. also the bag had a different name on it please help,account_access
T100180,2025-08-15 02:06:04,email,46.7,urgent: food finally showed up cold afetr over an hour thanks,late_delivery
T100182,2025-08-03 08:01:40,chat,25.97,"Order #664037: still waiting on my food, the eta keeps moving",late_delivery
T100186,2025-08-23 17:07:23,email,10.41,Order #717555: estimated arrival went from 50 to 81 minutes this is ridiculous,late_delivery
T100188,2025-08-24 06:07:17,chat,85,urgent: promo code did not apply at checkout very disappointed,payment_issue
T100189,2025-08-20 03:23:09,chat,107.17,only got 3 of the 6 items i paid for thanks,missing_item
T100190,2025-09-17 11:25:32,app_form,71.16,URGENT: THEY FORGOT MY SIDE OF RICE AGAIN,missing_item
T100191,2025-08-21 13:20:27,email,86.06,Urgent: food finally showed up cold after over an hour,late_delivery
T100192,2025-09-11 06:05:28,chat,118.95,urgent: refund was approved 9 days ago but never hit my card,payment_issue
T100193,2025-08-08 00:25:39,chat,101.29,hlelo order is 35 minutes late and still not here,late_delivery
T100194,2025-09-08 01:44:06,email,15.97,it keeps saying my email is not registered,account_access
T100195,2025-08-28 22:04:47,chat,65.45,"hi, card got declined but the money stlil left my account very disappointed",payment_issue
T100196,2025-08-23 01:07:27,app_form,107.4,my account got locked after i changed my phone number second time this week,account_access
T100198,2025-09-20 18:49:52,email,82.16,"Ugh restaurant left out the side of rice, want the money back for it. also the bag had a different name on it thanks",missing_item
T100199,2025-09-02 07:43:48,app_form,61.61,"This is not my order, i got someone elses food this is ridiculous",wrong_order
T100200,2025-08-19 19:39:53,email,82.64,ugh refund was approved 6 days ago but never hit my card,payment_issue
T100201,2025-09-06 09:10:03,chat,71.64,hello bag was sealed but the pad thai was missing. also my account got locked after i changed my phone number,missing_item
T100203,2025-09-18 00:45:22,chat,55.32,"hi, refund was approved 10 days ago but never hit my card please help",payment_issue
T100204,2025-08-23 07:20:45,email,67.15,"hello still waiting on my food, the eta keeps moving",late_delivery
T100205,2025-08-09 00:59:01,chat,41.14,dasehr asked me to cancel the order fix this asap,dasher_feedback
T100206,2025-09-28 23:32:08,chat,18.01,"urgent: received drink instead of the pad thai. also still waiting on my food, the eta keeps moving",wrong_order
T100207,2025-09-20 19:16:17,email,70.43,Urgent: i was charged twice for the same order fix this asap,payment_issue
T100208,2025-09-29 02:25:12,chat,49.26,"hello this is not my order, i got someone elses food. also completley wrong order delivered to me this is ridiculous",wrong_order
T100209,2025-09-25 11:51:57,app_form,64.52,"hey support, order is 39 minutes late and still not here fix this asap",late_delivery
T100210,2025-09-06 09:55:27,chat,50.81,"Hello completely wrong oredr delivered to me. also this is not my order, i got someone elses food second time this week",wrong_order
T100212,2025-09-05 17:17:03,app_form,88.66,Hello dasher has not moved on the map for 30 minutes second time this week,late_delivery
T100213,2025-09-26 22:06:36,app_form,76.19,Order #121498: order is 22 minutes late and still not here fix this asap,late_delivery
T100214,2025-08-07 19:36:34,email,94.21,"HI, THEY FORGOT MY GARLIC BREAD AGAIN",missing_item
T100215,2025-08-05 14:19:41,app_form,55.32,received sauce intsead of the garlic bread. also cant log in to my account,wrong_order
T100216,2025-08-25 04:09:22,email,58.61,"this is not my order, i got someone elses food fix this asap",wrong_order
T100217,2025-09-22 20:54:08,chat,102.69,the side of rice was not in the bag,missing_item
T100219,2025-09-18 01:25:26,chat,79.61,"hey support, food finally showed up cold after over an hour this is ridiculuos",late_delivery
T100220,2025-08-22 13:48:54,chat,85.59,order #145872: driver ignored the drop off instructinos,dasher_feedback
T100221,2025-08-04 18:50:39,app_form,57.1,"hey support, the dasher was really rude to me at the door",dasher_feedback
T100222,2025-09-03 15:32:06,email,34.04,Hello the side of rice was not in the bag can i get a refund,missing_item
T100223,2025-09-25 16:45:22,app_form,50.84,food finally showed up cold after over an hour thanks,late_delivery
T100224,2025-09-07 22:52:42,chat,92.98,urgent: the bag had a different name on it second time this week,wrong_order
T100225,2025-09-29 04:04:58,chat,23.18,"Hi, received second pizza instead of the burrito. also cant log in to my account can i get a refund",wrong_order
T100226,2025-09-02 15:56:44,email,83.15,no garlic bread in my delievry,missing_item
T100227,2025-09-19 14:07:16,chat,10.8,order #108868: received dumplings instead of the chicken sandwich,wrong_order
T100228,2025-09-05 10:19:04,email,73.6,"hey support, refund was approved 3 days ago but nveer hit my card",payment_issue
T100231,2025-08-08 19:29:19,email,10.34,charged $25 but the app showed a lower total,payment_issue
T100232,2025-08-07 05:34:17,app_form,89.82,"hlelo restaurant left out the chicken sandwich, want the money back for it thanks",missing_item
T100233,2025-09-14 08:36:12,app_form,13.44,oredr #361761: dasher has not moved on the map for 21 minutes second time this week,late_delivery
T100234,2025-08-30 00:48:17,app_form,52.35,"where is my order, it said it would arrive 20 minutes ago fix this asap",late_delivery
T100235,2025-09-28 10:31:38,chat,89.4,Ugh the dasher was really rude to me at the door. also promo code did not apply at checkout second time this week,dasher_feedback
T100236,2025-09-26 07:59:44,chat,98.01,order #592201: bag was sealed but the burrito was missing,missing_item
T100237,2025-08-20 06:49:57,chat,103.8,"hi, this is not my order, i got someone elses food",wrong_order
T100239,2025-08-12 16:26:45,email,39.56,I WAS CHARGED TWICE FOR THE SAME ORDER SECOND TIME THIS WEEK,payment_issue
T100241,2025-09-09 14:11:28,app_form,53.34,i was charged twice for the same order. also driver ignored the drop off instructions can i get a refund,missing_item
T100242,2025-09-03 08:17:58,chat,14.02,Urgent: cant log in to my account can i get a reufnd,account_access
T100243,2025-09-15 00:15:41,email,66.18,hello the dasher was really rude to me at the door please help,dasher_feedback
T100244,2025-08-17 01:26:13,chat,101.12,"ugh where is my order, it said it would arrive 29 miuntes ago thanks",late_delivery
T100245,2025-08-22 00:30:46,chat,18.58,Order #535996: it keeps saying my email is not reigstered can i get a refund,account_access
T100246,2025-08-14 02:41:24,chat,31.3,food finally showed up cold after over an hour very disappointed,late_delivery
T100248,2025-09-12 07:21:50,chat,44.2,"hey support, my order came without the chicekn sandwich fix this asap",missing_item
T100249,2025-09-05 00:07:46,chat,117.09,ugh bag was sealed but the salad was missing fix this asap,missing_item
T100250,2025-09-08 18:35:32,chat,40.04,my tip was taken twice this is ridiculous,payment_issue
T100251,2025-09-08 15:01:16,email,52.85,"order #226181: where is my order, it said it would arrive 20 minutes ago",late_delivery
T100252,2025-08-04 00:34:43,app_form,68.19,"hi, charged $41 but the app showed a lower total. also food finally showed up cold after over an hour this is ridiculous",payment_issue
T100253,2025-09-29 22:05:39,chat,23.67,Completely wrong order delivreed to me this is ridiculous,wrong_order
T100254,2025-08-01 22:14:22,chat,11.97,the bag had a different name on it this is ridiculous,wrong_order
T100255,2025-09-07 15:19:29,email,13.56,ugh the delivery person marked it delivered but never came can i get a refund,dasher_feedback
T100256,2025-09-05 22:47:15,app_form,111.1,"hi, the verification code is not worknig very disappointed",account_access
T100257,2025-08-31 07:30:38,email,29.38,"hi, my order came without the pad thai",missing_item
T100259,2025-09-11 10:54:29,app_form,32.16,"still waiting on my food, the eta keeps moving",late_delivery
T100260,2025-09-19 20:22:57,app_form,14.89,hello password reset email neevr arrives very disappointed,account_access
T100261,2025-08-24 17:38:21,chat,49.07,hello driver ignored the drop off instructions. also dasher has not moved on the map for 32 minutes please help,dasher_feedback
T100262,2025-08-06 20:32:53,chat,107.02,"hi, my order came without the chicken sandwich thanks",missing_item
T100263,2025-09-24 14:15:23,app_form,28.04,hello i ordreed the side of rice but they sent milkshake. also the pad thai was not in the bag second time this week,wrong_order
T100264,2025-09-14 17:30:18,chat,80.65,"HI, THEY FORGOT MY CHICKEN SANDWICH AGAIN PLEASE HELP",missing_item
T100265,2025-09-19 14:45:31,email,17.48,order #110447: no garlic bread in my delivery,missing_item
T100266,2025-09-07 04:19:43,chat,97.04,"hey support, food finally showed up cold after over an hour. also only got 1 of the 4 items i paid for please help",late_delivery
T100267,2025-09-12 17:18:38,app_form,54.1,"hi, where is my order, it said it would arrive 25 minutes ago. also i ordered the side of rice but they sent garlic bread thanks",payment_issue
T100268,2025-08-01 21:58:26,app_form,60.57,ugh the pad thai was not in the bag second time this week,missing_item
T100269,2025-08-05 18:30:53,chat,33.85,HELLO ORDER IS 25 MINUTES LATE AND STILL NOT HERE SECOND TIME THIS WEEK,late_delivery
T100270,2025-09-24 07:10:52,chat,59.1,Urgent: my account got locked after i changed my phone number. also logged out and now it will not let me sign back in,account_access
T100271,2025-09-22 23:44:05,chat,11.44,hello promo code did not apply at checokut,payment_issue
T100273,2025-09-02 19:46:57,app_form,86.7,"HI, MY ACCOUNT GOT LOCKED AFTER I CAHNGED MY PHONE NUMBER FIX THIS ASAP",account_access
T100274,2025-08-08 00:20:55,email,14.45,My tip was taken twice can i get a refund,payment_issue
T100277,2025-09-09 03:31:39,email,117.96,I ORDERED THE DUMPLINGS BUT THEY SENT MILKSHAKE SECOND TIME THIS WEEK,wrong_order
T100278,2025-08-03 13:02:06,app_form,47.41,urgent: card got declined but the money still left my account thakns,payment_issue
T100279,2025-08-19 11:52:10,email,27.85,"UGH DASHER ASKED ME TO CANCEL THE ORDER. ALSO WHERE IS MY OREDR, IT SAID IT WOULD ARRIVE 54 MINUTES AGO CAN I GET A REFUND",dasher_feedback
T100282,2025-08-03 00:06:42,chat,33.6,ugh the delivery person marked it delivered but never came,dasher_feedback
T100284,2025-08-20 05:06:37,chat,14.39,Food finally showed up cold after over an hour fix this asap,late_delivery
T100285,2025-09-07 22:00:46,chat,50.84,"ugh dasher ate some of my second pizza, the box was opened. also lgoged out and now it will not let me sign back in thanks",dasher_feedback
T100287,2025-09-28 13:50:32,app_form,15.67,ugh it keeps saying my email is not registered fix this asap,account_access
T100289,2025-09-22 07:41:47,chat,46.68,no sauce in my delivery please help,missing_item
T100290,2025-09-24 09:11:11,email,26.54,UGH THE SECOND PIZZA WAS NOT IN THE BAG VERY DISAPPOINTED,missing_item
T100292,2025-08-10 21:23:01,email,23.33,i ordered the second pizza but they sent milkshake,wrong_order
T100293,2025-09-03 23:29:26,chat,73.62,Ugh food finally showed up cold atfer over an hour. also estimated arrival went from 23 to 94 minutes,late_delivery
T100295,2025-08-20 02:32:03,chat,80.56,dasher asked me to cancel the order second time this week,dasher_feedback
T100296,2025-09-09 00:59:51,chat,78.74,order #244632: estimated arrival went from 28 to 93 minutes fix this asap,late_delivery
T100298,2025-08-06 06:41:31,email,73.69,"urgent: dasher ate some of my chicken sandwich, the box was opened fix this asap",dasher_feedback
T100300,2025-08-24 04:32:19,app_form,64.12,ugh password reset email never arirves. also password reset email never arrives please help,account_access
T100302,2025-09-12 05:45:14,app_form,59.76,"urgent: wrong items, nothing matches my receipt. also restaurant left out the garlic bread, want the money back for it",wrong_order
T100304,2025-08-26 14:35:11,email,59.1,"hello still waiting on my food, the eta keeps moving this is ridiculous",late_delivery
T100306,2025-09-19 09:26:19,email,69.06,"hi, dasher has not moved on the map for 34 minutes pelase help",late_delivery
T100308,2025-09-06 04:22:54,chat,101.61,food finally showed up cold after over an hour,late_delivery
T100309,2025-09-17 04:41:40,chat,11.49,"Hey support, logged out and now it will not let me sign back in",account_access
T100310,2025-08-28 14:32:13,chat,12.73,urgent: the bag had a different name on it,wrong_order
T100313,2025-09-20 20:26:29,chat,101.56,Hello dasher asked me to cancel the order second time this week,dasher_feedback
T100314,2025-08-27 01:48:33,chat,98.05,urgent: dasher asked me to cancel the order,dasher_feedback
T100315,2025-09-16 12:48:04,email,104.63,"hello refund was approved 9 days ago but never hit my card. also this is not my order, i got someone elses food",payment_issue
T100316,2025-08-24 05:24:21,chat,118.97,order #146717: the verification code is not working. also my tip was taken twice,account_access
T100317,2025-09-18 11:39:14,email,51.27,"hey support, this is not my order, i got someone elses food very disappointed",wrong_order
T100318,2025-08-03 22:41:18,chat,71.09,"Hey support, food finally showed up cold after over an hour second time this week",late_delivery
T100319,2025-08-01 04:47:03,chat,55.52,"Hi, my tip was taken twice this is ridiculous",payment_issue
T100320,2025-08-25 09:24:25,email,28.94,"hey support, it keeps saying my email is not regsitered very disappointed",account_access
T100321,2025-08-14 22:04:32,chat,40.8,"Hello restaurant left out the pad thai, want the money back for it",missing_item
T100322,2025-09-06 06:50:08,chat,27.98,order is 35 minutes late and still not here please help,late_delivery
T100323,2025-08-04 11:51:43,chat,87.43,order #187579: password reset email never arrives sceond time this week,account_access
T100324,2025-09-26 20:17:19,email,46.12,urgent: driver ignored the drop off instructions thanks,dasher_feedback
T100325,2025-08-06 19:03:38,app_form,60.62,hello refnud was approved 3 days ago but never hit my card please help,payment_issue
T100326,2025-08-10 14:02:10,app_form,26.43,urgent: the bag had a different name on it,wrong_order
T100328,2025-09-19 15:30:49,email,23.99,"HEY SUPPORT, WHERE IS MY ORDER, IT SAID IT WOULD ARRIVE 53 MINUTES AGO",late_delivery
T100329,2025-09-24 23:40:44,email,56.08,order #390585: dasher asked me to cancel the order,dasher_feedback
T100330,2025-09-08 11:44:48,chat,57.26,"hey support, still waiting on my food, the eta keeps moving. also promo code did not apply at checkout second time this week",late_delivery
T100331,2025-09-01 03:11:58,app_form,60.74,"hey support, still waiting on my food, the eta keeps moving thanks",late_delivery
T100334,2025-08-29 10:59:56,chat,92.84,"hey support, card got declined but the money still left my account can i get a refund",payment_issue
T100335,2025-09-21 06:34:02,email,89.19,"hey suppotr, order is 55 mintues late and still not here. also completely wrong order delivered to me",late_delivery
T100337,2025-08-20 15:17:11,email,88.55,i was charged twice for the same order thanks,payment_issue
T100338,2025-08-03 07:59:10,app_form,90.05,The burrito was not in the bag,missing_item
T100339,2025-08-07 17:02:07,app_form,15.71,cant log in to my account,account_access
T100340,2025-09-28 13:05:07,app_form,38.07,no burrito in my delivery this is ridiculous,missing_item
T100342,2025-09-10 11:48:40,chat,76.13,hello food finally showed up cold atfer over an hour thanks,late_delivery
T100343,2025-09-25 02:54:51,app_form,28.38,"Hi, restaurant left out the pad thai, want the money back for it",missing_item
T100344,2025-08-07 05:49:38,email,13.36,my account got locked after i changed my phone number,account_access
T100345,2025-08-15 19:28:58,chat,59.83,completely wrong order delivered to me thanks,wrong_order
T100346,2025-09-25 00:09:13,email,91.83,hello food finally showed up cold after over an hour this is ridiculous,late_delivery
T100347,2025-08-17 14:14:13,app_form,103.42,Hello my order came without the second pizza,missing_item
T100348,2025-08-16 10:18:15,chat,31.3,They forgot my drink again very disappointed,missing_item
T100350,2025-08-11 13:31:27,app_form,63.04,Ugh i was charged tiwce for the same order. also dasher left my food at the wrong building second time this week,payment_issue
T100351,2025-09-13 06:35:20,email,18.05,Hello charged $39 but the app showed a lower total. also dsaher left my food at the wrong building thanks,payment_issue
T100353,2025-08-27 21:10:15,chat,74.95,Urgent: estimated arrival went from 23 to 75 minutes very disappointed,late_delivery
T100354,2025-09-04 02:04:00,chat,9.32,the fries was not in the bag very disappointed,missing_item
T100355,2025-08-21 15:18:51,email,50.6,"wrong items, nothing matches my receipt second time this week",wrong_order
T100357,2025-08-09 20:53:51,chat,19.1,"hello dasher ate some of my drink, the box was opneed",dasher_feedback
T100358,2025-08-10 20:37:32,app_form,104.08,"Hi, my order came without the salad very disappointed",missing_item
T100360,2025-08-24 08:17:23,chat,34.54,"Hey support, charged $57 but the app showed a lower total. also they forgot my dumplings again",payment_issue
T100361,2025-09-06 07:11:30,chat,45.09,Hello password rseet email never arrives can i get a refund,account_access
T100362,2025-09-02 05:42:13,chat,62.34,bag was sealed but the side of rice was missing thanks,missing_item
T100363,2025-08-01 04:44:47,chat,36.51,ORDER #835355: MY ACCOUNT GOT LOCKED AFTER I CHANGED MY PHNOE NUMBER PLEASE HELP,account_access
T100365,2025-08-24 11:13:15,email,69.19,"Restaurant left out the milkshake, want the money back for it second time this week",missing_item
T100366,2025-09-21 20:47:58,chat,47.57,HELLO BAG WAS SEALED BUT THE SECOND PIZZA WAS MISSING CAN I GET A REFUND,missing_item
T100367,2025-09-06 16:21:03,chat,55.02,"hey support, order is 47 minutes late and still not here fix this asap",late_delivery
T100369,2025-09-25 21:53:32,email,45.13,"order #636644: wrong items, nothing matches my receipt",wrong_order
T100370,2025-09-15 07:13:50,chat,9.67,it keeps saying my email is not registered. also the dasher was really rude to me at the door fix this asap,account_access
T100375,2025-09-22 07:09:25,chat,60.38,"Uregnt: dasher ate some of my fries, the box was opneed. also promo code did not apply at checkout this is ridicuolus",dasher_feedback
T100377,2025-08-06 05:15:29,email,101.27,"order #898848: where is my order, it said it would arrive 52 minutes ago. also the verification code is not working this is ridiculous",late_delivery
T100378,2025-08-05 20:39:53,email,31.7,"hey support, food finally showed up cold atfer over an hour",late_delivery
T100380,2025-08-24 10:36:17,app_form,89.77,Ugh it keeps saying my email is not registered. also cant log in to my account,account_access
T100381,2025-08-25 06:10:21,chat,54.51,URGENT: ORDER IS 54 MINUTES LATE AND STILL NOT HERE,late_delivery
T100382,2025-09-08 12:26:59,chat,102.55,Order #706733: cant log in to my account fix this asap,account_access
T100383,2025-09-24 22:35:37,app_form,90.46,DRIVER IGNORED THE DROP OFF INSTRUCTIONS THIS IS RIDICULOUS,dasher_feedback
T100386,2025-09-21 00:56:03,email,27.73,"where is my order, it said it would arrive 33 minutes ago can i get a refund",late_delivery
T100388,2025-09-15 13:55:38,chat,39.16,logged out and now it will not let me sign back in,account_access
T100389,2025-09-17 09:45:11,app_form,54.42,order #894592: driver ignored the drop off instrcutions,dasher_feedback
T100390,2025-08-30 01:43:20,app_form,27.08,order #568516: order is 40 minutes late and still not here thanks,late_delivery
T100391,2025-08-28 11:53:29,chat,17.35,ORDER #142684: CHARGED $86 BUT THE APP SHOWED A LOWER TOTAL FIX THIS ASAP,payment_issue
T100393,2025-08-01 08:14:51,chat,92.73,food finally sohwed up cold after over an hour. also estimated arrival went from 49 to 80 minutes,late_delivery
T100394,2025-09-20 23:14:28,chat,74.4,"this is not my order, i got someone elses food",wrong_order
T100395,2025-09-15 08:07:59,chat,98.87,"hey support, i was charged twice for the same order this is rdiiculous",payment_issue
T100396,2025-09-07 13:30:12,chat,78.56,"Where is my order, it said it would arrive 41 minutes ago can i get a refund",late_delivery
T100397,2025-09-12 23:10:58,chat,86.64,hello my tip was taken twice please help,missing_item
T100398,2025-09-22 15:42:16,chat,82.37,"Order #657713: refund was approved 12 days ago but never hit my card. also this is not my oredr, i got someone elses food fix this asap",payment_issue
T100399,2025-09-01 04:03:34,chat,84.55,ugh order is 24 minutes late and still not here can i get a refund,late_delivery
T100401,2025-08-26 02:37:07,chat,23.57,"hi, dasher left my food at the wrong building fix this asap",dasher_feedback
T100402,2025-09-11 01:24:51,chat,109,urgent: only got 1 of the 6 items i paid for can i get a refund,missing_item
T100403,2025-08-06 21:39:03,chat,22.58,"hi, i ordered the gralic bread but they sent chicken sandwich",wrong_order
T100404,2025-08-18 19:33:27,email,32.79,Urgent: my order came without the garlic bread fix this asap,wrong_order
T100405,2025-09-18 06:05:58,chat,107.76,"hi, they forgot my salad again",missing_item
T100406,2025-08-28 11:14:54,chat,30.09,"hey support, food finally showed up cold after over an hour very disappointed",late_delivery
T100407,2025-09-12 23:09:50,chat,77.15,UGH DASHER AKSED ME TO CANCEL THE ORDER,dasher_feedback
T100409,2025-09-11 13:36:36,chat,26,"hi, driver ignored the drop off instructions",dasher_feedback
T100413,2025-08-12 16:24:14,chat,21.74,"hi, no garlic bread in my delivery. also it keeps saying my emial is not registered",missing_item
T100414,2025-08-27 05:33:13,email,59.23,"where is my order, it said it would arrive 54 mniutes ago. also dasher ate some of my fries, the box was opened",late_delivery
T100415,2025-09-17 14:47:24,chat,58.92,"hey support, dasher has not moved on the map for 25 minutes fix this asap",late_delivery
T100416,2025-08-14 20:23:10,email,13.4,ugh order is 47 minutes late and still not here,late_delivery
T100418,2025-08-21 20:30:52,chat,85.55,It keeps saying my eamil is not registered. also password reset email never arrives this is ridiculous,account_access
T100419,2025-08-20 17:14:20,chat,54.27,ugh the bag had a different name on it,wrong_order
T100421,2025-08-10 18:14:39,chat,32.71,"hi, wrong items, nothing matches my receipt",wrong_order
T100422,2025-09-11 19:30:26,app_form,90.95,bag was sealed but the side of rice was missing very disappointed,missing_item
T100423,2025-09-08 17:28:29,chat,52.98,"urgent: my order came without the fries. also dasher ate some of my dumplings, the box was opened fix this asap",missing_item
T100425,2025-08-26 05:18:01,email,92.1,"hi, password reset email never arrives. also estimated arrival went from 22 to 78 minutes please help",account_access
T100426,2025-09-12 07:55:14,chat,57.49,"Hey supprot, card got declined but the money still left my acocunt",payment_issue
T100427,2025-09-06 20:41:05,email,79.6,"hi, the bag had a different name on it. also the bag had a different name on it thanks",wrong_order
T100428,2025-09-20 17:57:46,app_form,53.01,"Hello still waiting on my food, the eta keeps moving",late_delivery
T100429,2025-09-04 09:51:03,chat,57.52,"hey support, the bag had a different name on it. also restaurant left out the sauce, want the money back for it",wrong_order
T100430,2025-09-04 20:45:41,app_form,70.36,"hi, dasher ate some of my dumplings, the box was opened very disappointed",dasher_feedback
T100431,2025-09-27 02:15:53,chat,26.24,ugh my order came without the garlic bread. also refund was approved 4 days ago but never hit my card fix this asap,missing_item
T100433,2025-09-05 07:01:19,chat,91.31,estimated arrival went from 21 to 63 minutes,late_delivery
T100434,2025-08-21 11:34:19,app_form,108.12,ugh cant log in to my account very disappointed,account_access
T100436,2025-09-01 05:51:57,chat,47.58,"HI, ESTIMATED ARRIVAL WENT FROM 28 TO 65 MINUTES THIS IS RIDICULOUS",late_delivery
T100437,2025-09-08 06:59:21,chat,26.57,ugh order is 34 minutes late and still not here,late_delivery
T100438,2025-09-20 11:57:01,chat,39.19,ugh order is 40 mniutes late and stlil not here,late_delivery
T100441,2025-09-18 09:44:17,app_form,55.29,it keeps saying my email is not registeerd can i get a refund,account_access
T100443,2025-09-14 19:55:40,chat,14.79,urgent: no side of rice in my delivery very disappointed,missing_item
T100444,2025-09-22 04:58:03,app_form,116.8,"restaurant left out the burrito, want the money back for it",missing_item
T100445,2025-09-03 00:28:47,email,26.83,order #570760: card got declined but the money still left my account,payment_issue
T100447,2025-08-14 03:59:54,chat,53.04,"ugh where is my order, it said it wuold arrive 28 minutes ago second time this week",late_delivery
T100448,2025-08-18 22:41:17,email,42.72,"HI, THE CHICKEN SANDWICH WAS NOT IN THE BAG",missing_item
T100449,2025-08-28 22:58:34,app_form,59.05,"Hi, the delivery person marked it delivered but never came",dasher_feedback
T100450,2025-09-11 07:31:36,chat,116.43,I WAS CHARGED TWICE FOR THE SAME ORDER PLEASE HELP,payment_issue
T100451,2025-08-14 10:32:50,chat,66.44,"Hey support, logged out and now it will not let me sign back in thanks",account_access
T100452,2025-09-06 11:21:07,app_form,62.52,it keeps saying my email is not registered please help,account_access
T100453,2025-08-20 20:42:16,chat,50.1,dasher asked me to cancel the order,dasher_feedback
T100454,2025-09-26 13:09:03,app_form,81.32,UGH FOOD FINALLY SHOWED UP COLD AFTER OVER AN HOUR CAN I GET A REFUND,late_delivery
T100455,2025-08-26 21:26:32,chat,95.15,ugh they fogrot my fries aagin fix this asap,missing_item
T100457,2025-08-14 05:59:27,chat,107.06,"URGENT: WRONG ITEMS, NOTHING MATCHES MY RECEIPT",wrong_order
T100459,2025-09-16 10:37:56,chat,9.87,"hello where is my order, it said it would arrive 52 minutes ago. also refund was approved 9 days ago but never hit my card",late_delivery
T100461,2025-09-09 14:02:45,chat,61.87,"Hey support, the bag had a different name on it. also bag was sealed but the dumplings was missing fix this asap",wrong_order
T100462,2025-08-18 19:39:55,app_form,27.59,driver ignored the drop off instructinos,dasher_feedback
T100463,2025-09-10 06:36:39,chat,23.22,"hi, they forgot my fries again",missing_item
T100466,2025-08-18 00:21:42,app_form,60.29,estimated arirval went from 46 to 82 minutes,late_delivery
T100467,2025-08-20 19:49:53,app_form,18.74,hello dasher asked me to cancel the order. also password reset emial never arrives,dasher_feedback
T100468,2025-08-02 01:36:04,app_form,73.16,Ugh no drink in my delivery this is ridiuclous,missing_item
T100470,2025-08-09 09:10:01,app_form,74.32,order #333811: my tip was taken twice please help,payment_issue
T100471,2025-08-02 11:56:53,email,76.29,"urgent: sitll waiting on my food, the eta keeps moving please help",late_delivery
T100473,2025-08-29 23:45:28,email,14.53,urgent: they forgot my garlic bread again thanks,missing_item
T100474,2025-09-07 12:01:12,app_form,12.65,"Urgent: dasher ate some of my second pizza, the box was opened very disappointed",dasher_feedback
T100475,2025-08-31 08:11:09,chat,100.65,"Dasher ate some of my dumplings, the box was opeend. also wrong items, nothing matcehs my receipt this is ridiculous",dasher_feedback
T100479,2025-08-08 20:28:05,app_form,17.14,hello dasher left my food at the wrong building can i get a refund,dasher_feedback
T100481,2025-08-28 17:12:21,email,39.01,Urgent: driver ignored the drop off instructions. also card got declined but the money still left my account very disappointed,dasher_feedback
T100482,2025-08-26 05:07:38,app_form,69.67,bag was sealed but the burrito was missing. also my tip was taken twice please help,missing_item
T100483,2025-08-06 21:32:42,chat,71.22,"urgent: restaurant left out the dumplings, want the money back for it",missing_item
T100485,2025-08-25 08:18:35,chat,69.23,No salad in my delivery,missing_item
T100486,2025-08-31 16:10:38,app_form,113.33,the dasher was really rude to me at the door can i get a refund,dasher_feedback
T100487,2025-08-17 16:37:22,email,92.83,"hey support, estimated arriavl went from 55 to 91 minutes. also it keeps saying my email is not registered",late_delivery
T100488,2025-09-12 13:11:13,chat,14.42,"hey support, the delivery person marekd it delivered but never came. also dasher has not moved on the map for 53 minutes fix this asap",dasher_feedback
T100490,2025-09-08 19:48:46,app_form,20.84,"urgent: wrong items, nothing matches my receipt. also refund was approved 12 days ago but never hit my card very disappointed",wrong_order
T100493,2025-08-10 22:06:28,app_form,94.73,my tip was taken twice second time this week,payment_issue
T100496,2025-09-13 01:26:44,email,109.69,"hi, the verification code is not working thanks",account_access
T100497,2025-08-21 13:24:33,email,20.39,"Hey support, restaurant left out the side of rice, want the money back for it second time this week",missing_item
T100499,2025-09-15 06:30:17,app_form,28.75,ugh received second pizza instaed of the pad thai can i get a refund,wrong_order
T100500,2025-09-19 17:18:16,app_form,22.53,IT KEEPS SAYING MY EMAIL IS NOT REGISTERED,account_access
T100501,2025-08-05 15:23:06,app_form,34.58,"restaurant left out the second pizza, want the money back for it",missing_item
T100502,2025-09-23 19:36:27,email,13.41,order #806172: bag was sealed but the dumplings was missing fix this asap,missing_item
T100503,2025-08-22 18:48:09,email,32.49,order #918531: only got 1 of the 4 items i paid for second time this week,missing_item
T100504,2025-08-12 07:25:15,chat,70.97,order #083759: they forgot my pad thai again,missing_item
T100505,2025-09-03 23:48:28,chat,107.64,urgent: my tip was taken twice second time this week,payment_issue
T100506,2025-09-01 03:03:27,app_form,50.64,my tip was taken twice this is ridiculous,payment_issue
T100507,2025-09-23 20:50:26,chat,63,Hello no pad thai in my delivery can i get a refund,missing_item
T100508,2025-08-31 14:49:46,chat,12.43,"Hey support, wrong items, nothing matches my receipt. also wrong items, nothing matches my receipt",wrong_order
T100512,2025-08-29 19:20:36,chat,54.42,"ugh still waiitng on my food, the eta keeps moving very disappointed",late_delivery
T100513,2025-08-26 15:27:07,email,33.31,cant log in to my account can i get a refund,account_access
T100514,2025-09-13 07:56:17,chat,77.48,"HI, DSAHER HAS NOT MOVED ON THE MAP FOR 40 MINUTES FIX THIS ASAP",late_delivery
T100515,2025-08-07 01:29:59,chat,46.21,promo code did not apply at checkout. also i ordered the dumplings but they sent side of rice very disappointed,payment_issue
T100516,2025-09-05 05:24:39,app_form,100.38,"hi, my account got locked after i changed my phone number very disappointed",account_access
T100517,2025-08-18 16:08:49,chat,89.75,"hello worng items, nothing matches my receipt please help",wrong_order
T100518,2025-08-16 21:41:39,chat,39.67,"WHERE IS MY ORDER, IT SAID IT WOULD ARIRVE 48 MINUTES AGO THANKS",late_delivery
T100520,2025-08-02 11:02:20,chat,61.81,urgent: bag was sealed but the salad was missing can i get a reufnd,missing_item
T100521,2025-09-27 01:50:53,chat,46.11,"This is not my order, i got someone elses food second time this week",wrong_order
T100523,2025-09-29 20:35:39,app_form,22.52,urgent: they forgot my pad thai again can i get a refund,missing_item
T100524,2025-08-20 11:06:59,chat,65.16,Order #742650: cant log in to my account thanks,account_access
T100525,2025-09-10 21:38:40,chat,110.87,order #885932: password reset email never arrives,account_access
T100526,2025-09-13 02:13:29,chat,99.21,"URGENT: WHERE IS MY ORDER, IT SAID IT WOULD ARRIVE 43 MINUTES AGO THIS IS RIDICULOUS",late_delivery
T100528,2025-09-02 06:52:42,app_form,97.95,hello food finally showed up cold after over an hour can i get a refund,late_delivery
T100529,2025-08-07 09:50:35,email,28.99,urgent: bag was sealed but the second pizza was missing thanks,missing_item
T100530,2025-09-25 06:10:54,chat,88.71,"hey support, where is my order, it said it would arrive 26 minutes ago very disappointed",late_delivery
T100531,2025-09-14 04:42:51,chat,42.67,my odrer came without the second pizza can i get a refund,missing_item
T100532,2025-08-21 02:50:12,email,97.48,Order #956542: driver ignored the drop off instructions very disappointed,dasher_feedback
T100533,2025-09-06 13:03:36,chat,96.66,hello order is 45 minutes late and still not here. also dasher left my food at the wrong building,late_delivery
T100535,2025-09-08 15:02:50,chat,88.66,hello password reset email never arrives please help,account_access
T100536,2025-09-04 02:26:36,chat,114.47,urgent: my order came without the salad very disappointed,missing_item
T100537,2025-09-03 11:35:16,chat,39.62,ORDER #260802: ORDER IS 47 MINUTES LATE AND STILL NOT HERE,late_delivery
T100539,2025-09-14 05:40:57,email,24.67,"Hey support, it keeps saying my email is not regitsered second time this week",account_access
T100540,2025-09-18 13:33:28,email,25.03,"Hey support, where is my order, it said it would arrive 37 minutes ago fix this asap",late_delivery
T100541,2025-08-12 18:06:52,chat,11.99,"hello restaurant left out the burrito, want the money back for it this is ridiculous",missing_item
T100542,2025-08-19 10:31:03,app_form,21.89,"hi, my tip was taken twice very disappointed",payment_issue
T100545,2025-09-19 00:54:30,chat,72.8,ugh charged $89 but the app showed a lower total very disappointed,payment_issue
T100547,2025-08-10 13:25:15,email,76.14,urgent: dasher left my food at the wrong buildnig can i get a reufnd,payment_issue
T100549,2025-09-21 19:21:43,app_form,86.84,"hey support, i was charged twice for the same order",payment_issue
T100550,2025-09-27 19:02:43,chat,53,hello received burrito instead of the sauce very disappointed,wrong_order
T100551,2025-09-09 23:10:57,chat,112.28,"hi, logged out and now it will not let me sign back in thanks",account_access
T100553,2025-09-07 16:07:23,email,49.05,Urgent: the sauce was not in the bag thanks,missing_item
T100554,2025-09-29 05:06:41,email,112.87,estimated arrvial went from 33 to 74 minutes thanks,late_delivery
T100556,2025-08-09 18:07:10,app_form,99.44,ugh received salad instead of the garlic bread thanks,dasher_feedback
T100558,2025-08-02 02:39:53,app_form,34.26,"ugh still waiting on my food, the eta keeps moving",late_delivery
T100560,2025-08-08 00:13:45,chat,81.21,the bag had a different name on it please help,wrong_order
T100561,2025-09-13 01:53:07,chat,37.53,order #551861: dasher has not moved on the map for 30 minutes. also completely wrong order delivered to me,late_delivery
T100562,2025-09-12 09:24:30,chat,15.5,completely wrong order delivered to me,wrong_order
T100563,2025-08-24 22:30:41,email,87.33,"hi, driver ignored the drop off instructions. also estimated arrival went from 51 to 65 minutes this is ridiculous",dasher_feedback
T100564,2025-08-11 09:07:04,chat,102,"order #536837: dasher left my food at the wrong building. also where is my order, it said it would arrive 31 minutes ago please help",dasher_feedback
T100565,2025-08-07 12:04:55,email,11.99,ugh order is 21 minutes late and still not here,late_delivery
T100566,2025-09-02 10:15:10,email,69.9,it keeps saying my email is not registered,account_access
T100568,2025-08-23 16:14:53,chat,58.03,urgent: i was charged twice for the same order this is ridiculous,payment_issue
T100569,2025-09-24 02:28:07,chat,99,order #471981: received dumplings instead of the pad thai can i get a refund,wrong_order
T100570,2025-08-09 08:28:43,chat,83.19,"dasher ate some of my pad thai, the box was opened very disappointed",dasher_feedback
T100571,2025-09-28 08:14:18,chat,62.87,estmiated arrival went from 29 to 75 minutes can i get a refnud,late_delivery
T100574,2025-08-04 22:28:13,chat,74.66,"Restaurant left out the sauce, want the money back for it second time this week",missing_item
T100575,2025-08-25 00:09:09,email,50.73,"URGENT: THIS IS NOT MY ORDER, I GOT SOMEONE ELSES FOOD FIX THIS ASAP",wrong_order
T100576,2025-09-02 16:30:49,email,45.93,card got declined but the money still left my account please help,payment_issue
T100579,2025-09-05 09:19:27,chat,19.64,My tip was taken twice fix this asap,payment_issue
T100580,2025-09-01 13:18:32,email,65.01,order #922157: the verification code is not worknig very disappointed,account_access
T100581,2025-09-13 18:56:55,chat,86.46,ugh the dasher was really rude to me at the door very disappointed,dasher_feedback
T100582,2025-09-08 22:50:41,chat,50.27,"hi, the second pizza was not in the bag. also i ordered the milkshake but they sent garlic bread can i get a rfeund",missing_item
T100584,2025-08-21 20:24:12,app_form,106.52,"HI, ONLY GOT 2 OF THE 4 ITEMS I PAID FOR",missing_item
T100587,2025-08-05 02:27:26,email,36.36,hello password reset email never arrives,account_access
T100588,2025-09-04 10:45:27,chat,62.36,"order #158054: still waiting on my food, the eta keeps moving very disappointed",late_delivery
T100589,2025-09-26 05:26:34,chat,77.41,Urgent: i was charged twcie for the same order. also i ordered the drink but they sent milkshake,payment_issue
T100591,2025-08-25 20:06:21,app_form,31.58,Bag was sealed but the fries was missing,missing_item
T100594,2025-08-27 23:25:35,email,97.5,No garlic bread in my delivery can i get a refund,missing_item
T100596,2025-08-16 23:46:27,chat,22.55,"hello where is my order, it said it would arrive 31 minutes ago. also the dasher was really rude to me at the door",late_delivery
T100598,2025-09-20 14:25:07,chat,77.84,"hello sitll waiting on my food, the eta keeps moving second time this week",late_delivery
T100599,2025-08-19 19:37:59,chat,62.44,urgent: food finally showed up cold after over an hour. also they forgot my side of rice again this is ridiculous,late_delivery
T100600,2025-09-05 02:23:19,email,111.73,"Hey support, dasher left my food at the wrong building",dasher_feedback
T100601,2025-09-08 18:38:53,chat,72.2,"THIS IS NOT MY ORDER, I GOT SOMEONE ELESS FOOD SECOND TIME THIS WEEK",wrong_order
T100602,2025-08-16 00:08:33,chat,16.97,Urgent: food finally showed up cold after over an hour second time this week,late_delivery
T100603,2025-09-15 17:10:11,email,109.67,Ugh the sauce was not in the bag this is ridiculous,missing_item
T100604,2025-09-19 17:43:55,chat,91.17,promo code did not apply at checkout,payment_issue
T100605,2025-09-24 20:34:26,chat,32.91,URGNET: DRIVER IGNORED THE DROP OFF INSTRUCTIONS THANKS,dasher_feedback
T100606,2025-08-05 13:33:18,email,25.52,"hey support, food finally showed up cold after over an hour this is ridiculous",late_delivery
T100607,2025-09-03 16:50:01,chat,88.54,"hi, dasher has not moved on the map for 48 minutes thanks",late_delivery
T100608,2025-08-07 23:33:23,email,106.36,"where is my order, it said it would arrive 40 minutes ago second time this week",late_delivery
T100609,2025-08-25 08:09:03,email,78.55,My order came without the side of rice this is ridiculous,missing_item
T100610,2025-08-04 02:43:18,email,62.83,hello received fries instead of the second pizza,wrong_order
T100611,2025-08-21 15:02:44,chat,95.78,ugh promo code did not apply at checkout. also cant log in to my account fix this asap,payment_issue
T100612,2025-09-17 18:52:34,chat,20.97,"urgent: dasher ate some of my chicken snadwich, the box was opened very disappointed",dasher_feedback
T100614,2025-08-19 22:11:11,email,109.32,the verification code is not working very disappointed,account_access
T100615,2025-09-15 01:34:19,chat,84.94,"Where is my oredr, it said it would arrive 39 minutes ago very disappointed",late_delivery
T100616,2025-09-17 16:56:20,email,39.3,"hey support, dasher has not moevd on the map for 42 minutes. also completely wrong order delivered to me this is ridiculous",late_delivery
T100617,2025-08-09 15:39:04,email,14.83,"HI, CHARGED $46 BUT THE APP SHWOED A LOWER TOTAL",payment_issue
T100618,2025-09-16 19:47:56,chat,80.57,Hello bag was sealed but the sauce was missing,missing_item
T100619,2025-08-05 08:31:45,email,53.05,urgent: charged $83 but the app showed a lower total fix this asap,payment_issue
T100620,2025-08-11 11:20:53,chat,16.39,hello charged $38 but the app showed a lower total,payment_issue
T100621,2025-09-20 08:04:34,email,43.28,It keeps saying my email is not registered,account_access
T100622,2025-08-02 12:27:08,chat,35.67,ugh only got 3 of the 5 items i paid for second time this week,missing_item
T100625,2025-09-14 16:34:17,chat,118.01,urgent: my tip was taken twice please help,payment_issue
T100626,2025-08-18 11:43:10,chat,119.52,urgent: they forgot my dumplings again. also promo code did not apply at checkout very disappointed,missing_item
T100627,2025-08-10 01:59:40,chat,53.57,"HELLO THIS IS NOT MY ORDER, I GOT SOMEONE ELSES FOOD",wrong_order
T100628,2025-09-11 22:14:20,chat,54.11,order #112654: password reset email never arrives fix this asap,account_access
T100630,2025-09-24 12:57:15,chat,87.32,urgent: it keeps saynig my email is not registered. also i ordered the salad but they sent sauce fix this asap,account_access
T100632,2025-09-03 00:48:56,app_form,65.37,estimated arrival went from 36 to 61 minutes thanks,late_delivery
T100634,2025-09-22 07:18:42,chat,34.02,card got declined but the money still left my acconut,payment_issue
T100635,2025-09-23 11:32:30,app_form,11.87,Refund was approved 8 days ago but never hit my card,payment_issue
T100636,2025-09-09 02:50:20,chat,88.6,ugh completely wrong order delivered to me thanks,wrong_order
T100637,2025-09-21 01:46:30,chat,73.2,RECEIVED FRIES INSTEAD OF THE CHICKEN SANDWICH,wrong_order
T100638,2025-08-12 06:17:19,email,111.82,"Hey support, charged $28 but the app showed a lower total thanks",payment_issue
T100639,2025-09-27 21:08:22,chat,85.56,"hi, card got declined but the money still left my account please help",payment_issue
T100640,2025-08-25 00:26:22,app_form,9.14,order #198007: my tip was taken twice,payment_issue
T100641,2025-09-03 17:46:01,chat,90.65,HELLO I WAS CHARGED TWICE FOR THE SAME ORDER PLEASE HELP,payment_issue
T100642,2025-08-28 17:27:46,chat,95.24,hello my account got locked after i changed my phone number,account_access
T100643,2025-09-23 18:46:06,chat,79.12,dasher has not moved on the map for 39 minutes,late_delivery
T100644,2025-09-07 09:41:09,chat,66.46,Ugh dasher has not moved on the map for 34 minutes,late_delivery
T100645,2025-08-20 17:20:23,chat,112.99,order #423622: charged $44 but the app showed a lower total this is ridiculous,payment_issue
T100646,2025-09-28 11:25:14,chat,78.76,"hi, order is 37 minutes late and still not here second time this week",late_delivery
T100647,2025-09-07 19:38:19,chat,54.6,urgent: my order came without the burrito,missing_item
T100648,2025-08-25 03:38:00,chat,20.8,i was charged twice for the same order thanks,payment_issue
T100650,2025-08-26 10:43:20,chat,88.21,"hi, the chicken sandwich was not in the bag",missing_item
T100651,2025-09-07 00:52:03,email,61.57,the bag had a different name on it can i get a reufnd,wrong_order
T100652,2025-09-05 08:00:11,app_form,119.01,ugh my odrer came without the drink second time this week,missing_item
T100653,2025-08-19 01:06:54,chat,33.21,my order came wihtout the dumplings second time this week,missing_item
T100654,2025-08-13 02:13:07,chat,113.82,"order #843402: this is not my order, i got someone elses food thanks",wrong_order
T100655,2025-09-02 07:23:52,chat,116.42,"food finally showed up cold after over an hour. also dasher ate some of my garlic bread, the box was opened fix this asap",late_delivery
T100656,2025-08-14 17:41:01,chat,34.77,"this is not my order, i got someone elses food. also dasher ate some of my sauce, the box was opeend",wrong_order
T100657,2025-09-02 10:20:59,email,74.3,"ugh where is my order, it said it would arrive 54 minutes ago very disappointed",late_delivery
T100659,2025-09-08 12:19:19,email,86.61,my tip was taken twice thanks,payment_issue
T100660,2025-09-08 13:15:37,chat,42.86,"hi, order is 39 minutes late and sitll not here can i get a refund",late_delivery
T100661,2025-08-05 09:26:08,app_form,62.33,"hi, food finally showed up cold after over an hour very disappointed",late_delivery
T100662,2025-08-09 20:54:39,chat,113.56,urgent: the dasher was really rude to me at the door please help,dasher_feedback
T100663,2025-09-26 14:40:42,email,13.07,"Hi, estimated arirval went from 32 to 67 minutes very disappoinetd",late_delivery
T100664,2025-09-26 14:37:38,email,52.86,Order #269321: chagred $36 but the app showed a lower total please help,payment_issue
T100667,2025-09-21 14:18:34,chat,17.08,"hey support, promo code did not apply at checkout this is ridiculous",payment_issue
T100668,2025-08-18 07:53:05,chat,118.8,Urgent: the second pizza was not in the bag,missing_item
T100670,2025-08-20 21:02:47,email,64.38,"HI, WEHRE IS MY ORDER, IT SAID IT WOULD ARRIVE 45 MINUTES AGO. ALSO WRONG ITEMS, NOTHING MATCHES MY RECEIPT THIS IS RIDICULOUS",late_delivery
T100671,2025-08-03 12:27:33,chat,111.49,ugh dasher has not moved on the map for 46 minutes can i get a refund,late_delivery
T100672,2025-08-28 22:02:58,chat,48.66,"hi, charged $72 but the app showed a lower total this is ridiculous",payment_issue
T100673,2025-08-10 17:48:25,chat,88.63,I was charged twice for the same order second time this week,payment_issue
T100674,2025-09-01 05:28:48,email,103.19,ugh i ordered the fries but they sent pad thai second time this week,wrong_order
T100675,2025-09-11 10:50:58,email,35.5,order #935390: logged out and now it will not let me sign back in please help,account_access
T100677,2025-09-09 00:33:56,app_form,111.22,"hello still waiting on my food, the eta keeps moving thanks",late_delivery
T100678,2025-09-02 00:34:10,chat,19.87,"Hey support, dasher asked me to cancel the order can i get a refund",dasher_feedback
T100679,2025-09-04 05:22:32,chat,87.47,"hey support, driver ignored the drop off instructions. also the dasher was really rude to me at the door",dasher_feedback
T100680,2025-08-26 04:09:51,chat,77.96,URGENT: MY TIP WAS TAKEN TWICE PLEASE HELP,payment_issue
T100681,2025-09-16 20:10:25,email,38.37,Order is 22 minutes late and still not here. also received second pizza instead of the fries please help,late_delivery
T100683,2025-09-04 19:07:19,app_form,36.72,"Ugh my order came without the pad thai. also where is my order, it said it would arrive 54 minutes ago thnaks",missing_item
T100685,2025-09-12 03:31:18,chat,45.15,"hey support, my account got locekd after i changed my phone number please help",account_access
T100686,2025-08-03 08:56:10,chat,67.35,"hey support, the dasehr was really rude to me at the door",dasher_feedback
T100687,2025-09-27 00:40:05,chat,59.57,hello only got 3 of the 5 items i paid for. also no dumplings in my delivery can i get a refund,missing_item
T100688,2025-09-19 18:11:00,email,13.26,Order is 39 minutes late and still not here. also rceeived burrito instead of the dirnk,late_delivery
T100689,2025-08-18 08:22:48,app_form,118.81,"Hey support, dasher has not moved on the map for 23 minuets thanks",late_delivery
T100690,2025-09-16 13:27:47,chat,85.87,Ugh estimated arrival went from 25 to 94 minutes this is ridiculous,late_delivery
T100692,2025-08-30 08:53:49,chat,109.88,urgent: food finally showed up cold after over an hour. also they forgot my sauce again please help,late_delivery
T100693,2025-09-09 04:50:03,chat,93.8,"HI, THE VERIFICATION CODE IS NOT WORKING VERY DISAPPOINTED",account_access
T100694,2025-09-27 07:16:26,email,95.4,hello bag was sealed but the burrito was missing. also promo code did not apply at checkout,missing_item
T100695,2025-08-08 23:01:56,app_form,14.15,Order #942208: no side of rice in my delivery please help,missing_item
T100696,2025-08-29 17:06:38,app_form,20.59,"hi, order is 20 minutes late and sitll not here very disappointed",late_delivery
T100697,2025-09-17 23:30:55,chat,104.47,THE DELIVERY PERSON MARKED IT DELIVERED BUT NEVER CAME THANKS,dasher_feedback
T100698,2025-08-25 06:07:38,app_form,100.05,"urgent: still waiting on my food, the eta keeps moving. also no milkshake in my delivery very disappointed",late_delivery
T100699,2025-09-08 00:21:19,chat,65.76,"hey support, the dasher was really rude to me at the door. also received side of rice instead of the sauce please help",dasher_feedback
T100701,2025-09-18 11:10:37,chat,94.58,card got delcined but the money still left my account please help,payment_issue
T100702,2025-08-21 00:44:02,email,93.07,dasher has not moved on the map for 32 minutes. also cant log in to my account thanks,late_delivery
T100703,2025-09-23 09:18:12,chat,75.12,order #729597: completely wrong order delivered to me please help,wrong_order
T100705,2025-08-07 17:19:06,email,77.7,"hey supprot, my order came without the fries",missing_item
T100706,2025-09-10 10:01:29,chat,54.97,Hello my account got locked after i changed my phone number,account_access
T100707,2025-08-16 09:58:09,chat,40.95,"hi, it keeps saying my email is not registered. also estimated arrival went from 24 to 72 minutes very disappointed",account_access
T100708,2025-08-14 05:54:54,chat,114.32,"hey support, cant log in to my account can i get a refund",account_access
T100709,2025-09-27 19:22:19,chat,75.09,"Ugh this is not my order, i got someone elses food. also where is my order, it said it would arrive 41 minutes ago can i get a refund",wrong_order
T100710,2025-09-20 07:02:12,email,88.61,"hi, the garlic bread was not in the bag. also dasher asked me to cancel the order",missing_item
T100712,2025-08-04 07:44:22,app_form,92.01,ugh they forgot my sauce again,missing_item
T100713,2025-08-20 22:12:15,email,73.1,"hi, password reset email never arrives can i get a refund",account_access
T100716,2025-09-14 16:32:51,chat,77.7,UGH THE DELIVERY PERSON MRAKED IT DELIVERED BUT NEVER CAME SECOND TIME THIS WEEK,dasher_feedback
T100717,2025-08-11 13:30:16,chat,85.77,order #614267: no chicken sandwich in my delivery can i get a refund,missing_item
T100718,2025-09-13 08:11:37,chat,29.54,"Hello bag was saeled but the dumpligns was missing. also wrong items, nothing matches my receipt",missing_item
T100719,2025-08-07 00:32:31,chat,117.31,urgent: logged out and now it will not let me sign back in. also my tip was taken twice please help,account_access
T100720,2025-08-04 09:43:08,chat,109.24,urgetn: only got 1 of the 6 items i paid for,missing_item
T100721,2025-09-18 15:15:38,chat,81.37,"hey support, promo code did not apply at checkout sceond time this week",payment_issue
T100723,2025-08-26 20:52:50,chat,44.05,hello the dasher was really rude to me at the door can i get a refund,dasher_feedback
T100724,2025-09-08 15:09:50,chat,72.35,"hello restaurant left out the garlic bread, want the money back for it thanks",missing_item
T100725,2025-09-24 17:05:59,chat,92.57,no burrito in my delivery,missing_item
T100726,2025-08-06 06:04:17,chat,94.56,"where is my order, it said it would arrive 48 minutes ago very disappointed",late_delivery
T100728,2025-08-20 04:15:22,chat,67.2,"hey support, still waiting on my food, the eta keeps movnig this is ridiculous",late_delivery
T100729,2025-09-12 05:25:03,chat,99.55,urgent: order is 40 minutes late and still not here very disappointed,late_delivery
T100730,2025-09-27 02:12:17,chat,103.54,ugh bag was sealed but the burrito was missing very dsiappointed,missing_item
T100732,2025-09-11 15:57:04,chat,118.12,The delivery person marked it delivered but never came this is ridiculous,dasher_feedback
T100733,2025-08-26 11:09:40,email,33.08,"hi, food finally showed up cold after over an hour",late_delivery
T100735,2025-09-09 02:50:15,chat,18.07,"restaurant left out the sauce, want the money back for it",missing_item
T100736,2025-09-17 02:58:22,email,24.65,"urgent: wrong items, nothing matches my receipt very disappointed",wrong_order
T100738,2025-09-02 10:01:45,chat,79.72,"hi, only got 3 of the 4 items i paid for thanks",missing_item
T100739,2025-08-19 02:21:44,app_form,23.61,order #172482: logged out and now it will not let me sign back in second time this week,account_access
T100740,2025-09-29 11:38:04,chat,9.43,URGENT: DASHER ASKED ME TO CANCEL THE ORDER PLEASE HELP,dasher_feedback
T100741,2025-09-19 11:32:49,app_form,25.24,ugh estimated arrival went from 30 to 94 minutes. also dasher asked me to cancel the order,late_delivery
T100742,2025-08-22 20:50:14,chat,76.55,Ugh i ordered the milkshake but they sent sauce,wrong_order
T100743,2025-08-14 11:16:21,chat,118.01,Bag was sealed but the burrito was missing,missing_item
T100744,2025-09-04 07:23:57,email,99.07,Urgent: logged out and now it will not let me sign back in this is ridiculous,account_access
T100745,2025-09-20 02:04:34,chat,73.08,hello only got 1 of the 5 items i paid for. also driver ignored the drop off instructions thanks,missing_item
T100746,2025-08-03 03:38:24,app_form,113.77,"hi, order is 34 minutes late and still not here. also refnud was approved 7 days ago but never hit my card please help",late_delivery
T100747,2025-09-07 01:43:39,app_form,22.54,"hey support, rceeived pad thai instead of the milkshake please help",wrong_order
T100748,2025-09-24 16:54:03,email,44.14,"hi, bag was sealed but the milkshake was missing. also the bag had a different name on it",missing_item
T100749,2025-09-05 14:21:27,chat,31.91,Urgent: password reset email never arrives very disappointed,account_access
T100750,2025-09-27 03:19:58,email,36.39,my tip was taken twice this is ridiculous,payment_issue
T100752,2025-09-08 01:17:40,email,61.3,order #795328: bag was sealed but the pad thai was missnig. also order is 21 minutes late and still not here,missing_item
T100754,2025-08-08 10:34:33,email,54.75,hello dasher asked me to cancel the order,dasher_feedback
T100756,2025-08-03 02:10:59,email,80.64,ugh the verification code is not working second time this week,account_access
T100757,2025-08-02 01:14:36,chat,57.98,completely wrnog order delivered to me fix this asap,wrong_order
T100758,2025-08-10 19:44:43,chat,36.05,Urgetn: i was charged twice for the same order can i get a refund,payment_issue
T100759,2025-08-13 09:37:26,chat,75.08,urgent: the bag had a different name on it fix this asap,wrong_order
T100760,2025-09-13 13:32:19,email,93.83,"only got 2 of the 5 items i paid for. also dsaher ate some of my burrito, the box was opened fix this asap",missing_item
T100761,2025-09-08 23:43:31,app_form,26.93,"Hey support, order is 54 minutes late and still not here. also driver ignored the drop off instructions",late_delivery
T100762,2025-08-23 20:56:02,chat,23.92,ugh my order came without the fries. also the verification code is not working this is ridiculous,missing_item
T100763,2025-09-24 21:56:47,chat,56.79,ugh cant log in to my account please help,account_access
T100764,2025-08-28 11:16:56,chat,110.5,the dasher was really rude to me at the door this is ridiculous,dasher_feedback
T100766,2025-09-21 04:27:19,app_form,109.47,dasher left my food at the wrong building second time this week,dasher_feedback
T100767,2025-08-18 04:17:23,app_form,101.45,hello dasher has not mvoed on the map for 47 minutes. also the verification code is not working fix this asap,late_delivery
T100768,2025-09-19 13:47:56,chat,67.61,ugh charged $25 but the app showed a lwoer total. also the side of rice was not in the bag please help,payment_issue
T100769,2025-08-10 17:43:07,chat,93.08,hello dasher left my food at the wrong building fix this asap,dasher_feedback
T100770,2025-09-21 05:26:09,chat,110.68,order #639805: estimated arrival went from 42 to 81 minutes very disappoinetd,late_delivery
T100771,2025-09-03 02:33:12,chat,77.98,"ugh restaurant left out the chicken sandwich, want the money back for it",missing_item
T100772,2025-09-19 15:16:40,app_form,85.97,"Hi, still waitnig on my food, the eta keeps moving",late_delivery
T100773,2025-08-24 22:21:44,chat,111.78,ugh received salad instead of the side of rice. also only got 3 of the 6 items i paid for please help,wrong_order
T100774,2025-08-12 12:49:15,chat,71,ugh the delivery person marked it delivered but never came,missing_item
T100775,2025-09-06 17:55:09,chat,17.34,"HI, CHARGED $25 BUT THE APP SHOWED A LOWER TOTAL THANKS",payment_issue
T100776,2025-09-27 11:21:32,email,109.68,"Hi, order is 52 minutes late and still not here thanks",late_delivery
T100777,2025-09-21 01:22:33,chat,108.8,HELLO COMPLETELY WRONG ORDER DELIVERED TO ME. ALSO REFUND WAS APPROVED 10 DAYS AGO BUT NEVER HIT MY CARD,wrong_order
T100778,2025-09-14 11:58:00,chat,25.98,hello no milkshake in my delivery,missing_item
T100779,2025-09-25 08:54:37,email,89.83,Ugh estimated arrival went from 52 to 68 minutes second time this week,late_delivery
T100780,2025-08-12 19:43:23,app_form,89.73,urgent: they forgot my chicken sandwich again. also password reset email never arrives second time this week,missing_item
T100781,2025-08-14 19:32:12,chat,17.37,"Order #414984: they forgot my sauce again. also wrong items, nothing matches my receipt can i get a refund",missing_item
T100782,2025-09-23 06:33:30,app_form,36.31,"Hello this is not my order, i got someone elses food",wrong_order
T100783,2025-09-13 08:42:38,chat,107.18,"urgent: where is my order, it said it would arrive 23 minutes ago can i get a refund",late_delivery
T100784,2025-08-24 22:21:14,chat,76.88,"hi, the garlic bread was not in the bag this is ridiculous",missing_item
T100786,2025-09-02 10:35:14,email,97.04,"hi, estimated arrival went from 35 to 89 minutes",late_delivery
T100787,2025-08-29 14:24:14,chat,35.94,"WHERE IS MY ORDER, IT SAID IT WOULD ARRIVE 20 MINUTES AGO CAN I GET A REFUND",late_delivery
T100789,2025-09-21 09:08:31,app_form,80.23,urgent: dasher has not moevd on the map for 43 minutes can i get a refund,late_delivery
T100793,2025-09-18 13:18:44,chat,51.65,"hi, no salad in my delivery second time this week",missing_item
T100794,2025-09-27 21:34:51,chat,108.35,my tip was taken twice,payment_issue
T100795,2025-09-11 12:23:20,chat,23.51,urgent: the dasher was really rude to me at the door,dasher_feedback
T100796,2025-08-26 08:24:42,chat,64.72,ugh promo code did not apply at checkout thanks,account_access
T100797,2025-08-13 11:40:39,chat,101.36,the bag had a different name on it,wrong_order
T100798,2025-08-02 12:51:41,app_form,30.11,"order #184858: dasher ate some of my drink, the box was opened can i get a refund",dasher_feedback
T100800,2025-09-01 14:30:28,chat,58.04,order #659269: food finally showed up cold after over an hour thanks,late_delivery
T100801,2025-08-13 14:14:20,chat,42.23,bag was sealed but the chicken sandwich was missing,missing_item
T100802,2025-09-13 09:06:29,chat,16.56,hello food finally showed up cold afetr over an hour,late_delivery
T100803,2025-08-04 10:49:35,chat,46.17,i was cahrged twice for the same order very disappointed,payment_issue
T100806,2025-08-23 09:59:19,chat,46.92,"hello dasher has not moved on the map for 29 minutes. also dasher ate some of my salad, the box was opened thanks",late_delivery
T100807,2025-09-03 20:04:09,chat,75.37,hello the delivery person marked it delivered but never came fix this asap,dasher_feedback
T100808,2025-09-28 18:34:10,chat,69.77,order #434572: refund was approved 4 days ago but never hit my card,payment_issue
T100810,2025-08-23 12:31:32,app_form,114.96,"hey support, my order came without the burrito",missing_item
T100811,2025-09-10 13:45:41,app_form,32.19,ugh driver ignored the drop off instructions,dasher_feedback
T100812,2025-09-28 17:37:06,email,98.33,hello card got declined but the moeny still left my account,payment_issue
T100813,2025-08-07 05:35:44,email,96.01,Urgent: my account got locked after i changed my phone number fix this asap,account_access
T100814,2025-09-27 07:04:16,chat,95.95,UGH CANT LOG IN TO MY ACCOUNT THANKS,account_access
T100815,2025-09-25 23:32:31,email,20.13,card got declined but the money still left my acocunt,payment_issue
T100816,2025-09-03 23:53:13,email,88.41,urgent: charged $54 but the app showed a lower total very disappointed,payment_issue
T100817,2025-09-29 15:14:25,email,81.39,Hello dasher has not moved on the map for 41 minutes. also it keeps saying my email is not registered can i get a refund,late_delivery
T100818,2025-09-19 01:49:26,app_form,36.18,ugh the delivery person marked it delivered but never came. also my tip was taken twice sceond time this week,dasher_feedback
T100821,2025-08-06 08:39:13,email,33.01,"Hey support, dasher has not moved on the map for 26 minutes",late_delivery
T100822,2025-09-27 17:13:06,email,84.61,Ugh the dasher was really rude to me at the door please help,dasher_feedback
T100823,2025-08-04 12:52:41,chat,13.81,hello food finally showed up cold after over an hour second time this week,late_delivery
T100824,2025-09-25 02:11:52,chat,13.22,Ugh charged $50 but the app showed a lower total,payment_issue
T100826,2025-09-12 14:31:29,app_form,84.68,"hi, received pad thai insetad of the chicken sandwich",missing_item
T100827,2025-09-02 10:54:04,chat,36.55,"hi, food finally showed up cold after over an hour",late_delivery
T100828,2025-09-04 07:46:18,chat,118.33,"hey support, card got declined but the money stlil left my account fix this asap",payment_issue
T100829,2025-08-16 05:33:58,email,100.89,order is 31 minutes late and still not here second time this week,late_delivery
T100831,2025-08-14 09:27:23,email,103.93,ugh it keeps saying my email is not registered. also received sceond pizza instead of the drink,account_access
T100832,2025-08-05 15:22:30,app_form,64.58,URGENT: THEY FORGOT MY SALAD AGAIN VERY DISAPPOINTED,missing_item
T100835,2025-09-16 12:12:06,email,16.27,order #193144: my account got locked after i chagned my phone number thanks,account_access
T100836,2025-09-14 07:44:37,email,106.89,charged $31 but the app showed a lower total,payment_issue
T100837,2025-08-15 15:22:08,chat,49.96,"urgent: wrong items, nothing matcehs my receipt please help",wrong_order
T100838,2025-08-04 09:04:32,chat,83.24,urgent: order is 20 minutes late and still not here this is ridiculous,late_delivery
T100839,2025-08-16 04:29:49,chat,87.79,urgent: password reset email never arrives very disappointed,account_access
T100841,2025-08-11 01:59:59,app_form,103.38,Urgent: dasher has not moved on the map for 27 minutes fix this asap,late_delivery
T100843,2025-08-15 12:11:08,chat,61.72,"hi, food finally sohwed up cold after over an hour please help",late_delivery
T100844,2025-09-13 12:54:35,chat,10.8,"hey support, the garlic bread was not in the bag. also dasher asked me to cancel the order",missing_item
T100845,2025-09-07 00:28:20,app_form,79.2,UGH NO CHICKEN SANDWICH IN MY DELIVERY SECOND TIME THIS WEEK,missing_item
T100847,2025-08-05 03:23:44,chat,119.99,"hey support, dasher left my food at the wrnog building this is ridiculous",dasher_feedback
T100848,2025-09-22 23:35:36,chat,76.01,odrer #995110: the delivrey person marked it delivered but nveer came fix this asap,dasher_feedback
T100849,2025-08-15 16:30:11,email,60.51,order #591696: estimated arrival went from 29 to 76 minutes,late_delivery
T100851,2025-09-28 23:16:52,email,112.35,Ugh no sauce in my delivery. also order is 27 minutes late and still not here thanks,missing_item
T100852,2025-08-10 07:34:16,app_form,61.62,"Hey support, this is not my order, i got someone elses food",wrong_order
T100853,2025-08-15 16:54:04,app_form,86.91,Hello no second pizza in my delivery please help,missing_item
T100854,2025-08-28 21:56:17,chat,22.23,"order #437303: where is my order, it said it would arrive 43 minutes ago",late_delivery
T100855,2025-09-15 02:50:41,email,109.66,order #286085: password reset email never arrives this is ridiculous,account_access
T100856,2025-08-24 23:52:32,app_form,59.6,"this is not my order, i got soemone elses food. also i was charged twice for the same order",wrong_order
T100859,2025-09-16 11:01:38,chat,10.21,Bag was sealed but the chicken sandwich was missing thanks,missing_item
T100860,2025-08-31 13:16:33,chat,9.26,"hi, where is my order, it said it would arrive 47 minutes ago thanks",late_delivery
T100861,2025-09-02 17:02:37,app_form,117.16,Hello order is 36 minutes late and still not here fix this asap,late_delivery
T100862,2025-09-12 00:21:58,app_form,30.66,No dumplings in my delivery can i get a reufnd,missing_item
T100863,2025-08-08 20:46:19,app_form,34.29,uregnt: food finally showed up cold after over an hour this is ridiculous,late_delivery
T100866,2025-09-01 10:45:16,chat,54.48,hello food finally showed up cold after over an hour,late_delivery
T100867,2025-09-05 23:55:29,chat,65.42,"hey support, estimated arrival went from 34 to 65 minutes this is ridiculous",late_delivery
T100868,2025-08-02 01:37:44,app_form,68.11,Urgent: they forgot my salad again second time this week,missing_item
T100870,2025-08-23 01:16:39,email,100.06,"hey support, bag was saeled but the pad thai was missing please help",missing_item
T100871,2025-08-31 21:28:47,app_form,33.63,HELLO BAG WAS SEALED BUT THE DUMPLINGS WAS MISSING. ALSO DASHER HAS NOT MOVED ON THE MAP FOR 52 MINUTES SECOND TIME THIS WEEK,missing_item
T100872,2025-08-31 21:29:51,email,60.68,"hello this is not my order, i got someone eless food can i get a refund",wrong_order
T100873,2025-08-21 01:43:23,chat,76.42,hello estimated arrival went from 20 to 71 minutes very disappointed,late_delivery
T100874,2025-08-17 19:03:35,chat,91.3,"Hey support, the fries was not in the bag",missing_item
T100875,2025-09-11 10:22:47,email,23.88,hello the verification code is not working,account_access
T100876,2025-08-12 00:29:12,chat,19.22,"restaurant left out the chicken sandwich, want the money back for it fix this asap",missing_item
T100878,2025-09-13 00:55:43,chat,101.2,ugh the delivery person marked it delivered but never came. also they forgot my chicken sandwich again this is ridiculous,wrong_order
T100879,2025-08-28 15:00:46,email,119.4,"still waiting on my food, the eta keeps moving thanks",late_delivery
T100880,2025-08-04 16:19:23,chat,119.3,Urgent: dasher left my food at the worng building this is ridiculous,dasher_feedback
T100881,2025-09-01 22:33:11,chat,115.09,oredr #937016: no pad thai in my delivery very disappointed,missing_item
T100882,2025-09-17 11:35:29,chat,98.16,order #385751: the delivery person marked it delivered but never came. also my acconut got locked after i changed my phone number,dasher_feedback
T100883,2025-08-31 15:57:25,app_form,95.1,HELLO DASHER HAS NOT MOEVD ON THE MAP FOR 35 MINUTES CAN I GET A REFUND,late_delivery
T100884,2025-09-02 21:45:09,chat,31.38,hlelo i ordered the dumplings but they sent side of rice thanks,wrong_order
T100885,2025-08-12 04:51:34,app_form,33.88,the verification code is not working second time this week,account_access
T100886,2025-08-11 18:05:35,app_form,43.68,urgent: estimated arrival went from 53 to 67 minutes,late_delivery
T100887,2025-09-10 18:04:33,chat,60.67,"Hi, only got 2 of the 4 items i paid for this is ridiculous",missing_item
T100888,2025-08-28 17:46:27,chat,118.6,only got 1 of the 5 items i paid for,missing_item
T100889,2025-09-05 06:23:50,chat,19.67,"hi, dasher ate some of my dumplings, the box was opened this is ridiculous",dasher_feedback
T100890,2025-08-24 17:20:05,app_form,73.73,ugh food finally showed up cold after over an hour fix this asap,late_delivery
T100891,2025-09-25 22:54:22,chat,106.57,Estimated arrival went from 44 to 69 minutes please help,late_delivery
T100892,2025-08-10 14:53:08,email,73.64,The verification code is not working,account_access
T100893,2025-09-03 01:29:11,chat,103.46,urgent: it keeps saying my email is not registered,account_access
T100894,2025-09-29 19:04:35,app_form,81.99,Dasher left my food at the wrong building second time this week,dasher_feedback
T100896,2025-09-11 02:15:42,chat,115.73,my account got locked after i changed my phone number fix this asap,account_access
T100897,2025-09-04 13:47:52,email,77.62,"hey support, logged out and now it will not let me sign back in very disappointed",account_access
T100898,2025-09-02 13:15:56,email,91.48,only got 3 of the 5 items i paid for very disappointed,missing_item
T100899,2025-09-15 02:50:03,chat,23.61,order #229225: password rseet email never arrives plesae help,account_access
T100900,2025-08-29 15:29:51,chat,54.2,"hey support, my order came without the fries can i get a refund",missing_item
T100902,2025-09-09 17:04:00,chat,34.04,"hello dasher ate some of my milkshake, the box was opened can i get a refund",dasher_feedback
T100903,2025-09-23 05:16:43,app_form,113.06,"hi, bag was sealed but the fries was missing please help",missing_item
T100904,2025-09-23 16:32:15,chat,111.19,urgent: completely wrong order delivered to me this is ridiculous,wrong_order
T100906,2025-09-27 15:00:32,chat,47.19,"DASHER ATE SOME OF MY SAUCE, THE BOX WAS OPENED SECOND TIME THIS WEEK",dasher_feedback
T100908,2025-09-11 06:12:52,chat,77.87,"hey support, card got declined but the money stlil left my account very disappointed",payment_issue
T100909,2025-09-16 03:30:10,app_form,14.58,received pad thai instead of the fires. also they forgot my burrito again very disappointed,wrong_order
T100910,2025-09-14 00:36:28,email,18.74,"wrong items, nothing matches my reciept. also food finally shwoed up cold afetr over an hour can i get a refund",wrong_order
T100911,2025-08-15 18:25:47,app_form,34.17,Order #521505: charged $29 but the app shoewd a lower total,payment_issue
T100912,2025-08-10 13:42:38,email,31.5,order #593249: the dasher was really rude to me at the door very disappointed,dasher_feedback
T100913,2025-09-07 19:25:02,app_form,19.16,ugh order is 54 minutes late and still not here thanks,late_delivery
T100915,2025-09-21 05:35:02,chat,63.62,UGH MY TIP WAS TAKEN TWICE,payment_issue
T100916,2025-09-24 02:45:33,chat,47.36,Urgent: password reset email never arrievs. also password reset email never arrives can i get a refund,account_access
T100918,2025-08-24 15:08:25,app_form,41.98,urgent: the chicken sandwich was not in the bag can i get a refund,missing_item
T100919,2025-09-29 02:17:08,chat,101.88,order is 20 minutes late and still not here second time this week,late_delivery
T100920,2025-08-02 19:13:55,email,71.72,"Hi, estimated arrival went from 39 to 91 minutes this is ridiculous",late_delivery
T100921,2025-09-22 23:13:55,chat,49.64,hello refund was apprvoed 12 days ago but never hit my card thanks,payment_issue
T100922,2025-08-03 13:00:47,app_form,72.66,"wrong items, nothnig matches my receipt this is ridiculous",wrong_order
T100923,2025-08-31 14:09:37,chat,65.9,"hey support, where is my order, it said it would arirve 42 minutes ago. also it keeps saying my email is not registered please help",late_delivery
T100924,2025-08-02 16:42:20,chat,42.13,i was charged twice for the same order,payment_issue
T100925,2025-08-13 15:56:57,app_form,82.01,"hey support, received dumplings instead of the sauce this is ridiculous",wrong_order
T100927,2025-08-13 23:49:31,email,26.02,"order #813070: wrong items, nothing matches my receipt can i get a refund",wrong_order
T100928,2025-09-19 13:14:39,chat,88.44,hello my order came without the fries this is ridiculous,missing_item
T100929,2025-09-11 03:27:18,chat,35.36,HELLO LOGGED OUT AND NOW IT WILL NOT LET ME SIGN BACK IN CAN I GET A REFUND,account_access
T100931,2025-08-08 13:46:39,chat,38.43,Cant log in to my account second time this week,account_access
T100932,2025-08-06 17:57:42,chat,50.28,"hey support, cant log in to my account can i get a refund",account_access
T100933,2025-08-12 06:14:44,email,36.1,the dasher was relaly rude to me at the door very disappointed,dasher_feedback
T100934,2025-08-29 13:10:16,chat,118.91,ugh completely wrong order delivered to me second time this week,wrong_order
T100935,2025-08-08 06:45:41,email,82.22,"hey support, estimated arrival went from 29 to 93 minutes this is ridiculous",late_delivery
T100936,2025-09-20 08:38:55,email,71.25,"hi, received chicken sandwich instead of the burrito",wrong_order
T100937,2025-09-02 11:08:31,chat,79.47,"hi, dasher ate some of my sauce, the box was opened please help",dasher_feedback
T100938,2025-08-03 04:40:00,app_form,105.04,UGH MY TIP WAS TAKEN TIWCE. ALSO DASHER HAS NOT MOVED ON THE MAP FOR 29 MINUTES,payment_issue
T100939,2025-09-23 08:01:10,chat,98.95,"hello restaurant left out the pad thai, want the money back for it. also i ordered the saald but they sent dumplings",missing_item
T100940,2025-09-06 12:27:47,chat,35.31,urgent: estimated arrival went from 41 to 69 minutes please help,late_delivery
T100941,2025-09-02 21:37:15,chat,114.3,urgent: logged out and now it will not let me sign back in,account_access
T100943,2025-09-19 22:48:01,email,115.97,oredr #840311: dasher left my food at the wrong building can i get a refund,dasher_feedback
T100946,2025-08-14 19:41:34,chat,88.91,"order #177265: dasher ate some of my salad, the box was opened very disappointed",dasher_feedback
T100948,2025-08-12 05:11:15,chat,44.75,"hey support, order is 54 minutes late and still not here very disappointed",late_delivery
T100951,2025-09-23 23:14:15,email,13.19,Ugh the bag had a different name on it can i get a refund,wrong_order
T100952,2025-08-15 11:00:24,email,60.05,ORDER #911412: DAHSER LEFT MY FOOD AT THE WRONG BUILDING PLEASE HELP,dasher_feedback
T100953,2025-09-21 20:14:14,chat,16.09,"HELLO RESTAURANT LEFT OUT THE DUMPLINGS, WANT THE MONEY BACK FOR IT. ALSO IT KEEPS SAYING MY EMAIL IS NOT REGISTERED THIS IS RIDICULOUS",missing_item
T100955,2025-08-01 08:01:10,chat,17.97,only got 3 of the 6 itmes i paid for please help,missing_item
T100956,2025-08-18 17:10:33,chat,84.47,ugh the dasher was really rude to me at the door,dasher_feedback
T100957,2025-08-06 04:47:54,app_form,109.82,hello estimated arrival went from 20 to 67 minutes,late_delivery
T100958,2025-08-18 05:10:38,email,64.39,ugh promo code did not apply at checkout,payment_issue
T100959,2025-08-06 09:21:23,chat,101.2,refund was approved 10 days ago but never hit my card. also the bag had a different name on it this is ridiculous,payment_issue
T100960,2025-08-30 04:38:21,email,63.2,urgent: my order came without the pad thai. also i was charged twice for the same order thanks,missing_item
T100961,2025-09-10 11:44:54,chat,48.96,Order #826438: i ordered the salad but they sent slaad,wrong_order
T100962,2025-08-23 04:29:35,chat,21.65,"Hi, wrong items, nothing matches my receipt second time this week",wrong_order
T100963,2025-09-03 15:00:08,app_form,86.54,ugh the delivery person marked it delivered but never came. also the dasher was really rude to me at the door very disappointed,dasher_feedback
T100964,2025-09-17 16:45:56,chat,66.51,"hi, where is my oredr, it said it would arrive 28 minutes ago. also estimated arrival went from 23 to 70 minutes second time this week",late_delivery
T100966,2025-08-29 11:36:01,chat,85.22,order is 29 minutes late and still not here thanks,late_delivery
T100967,2025-08-21 10:55:53,email,95.1,"hey spuport, where is my order, it said it would arrive 34 minutes ago can i get a refund",late_delivery
T100968,2025-09-08 06:26:50,chat,112.14,Ugh my order came without the second pizza. also bag was sealed but the burrito was missing tahnks,missing_item
T100969,2025-09-07 21:10:36,app_form,47.66,dasher asked me to cancel the order second time this week,dasher_feedback
T100971,2025-08-02 05:42:40,chat,49.84,password reset email never arrives second time this week,account_access
T100972,2025-08-21 13:25:17,chat,66.22,my tip was taken twice fix this asap,payment_issue
T100973,2025-09-25 18:36:42,email,96.23,Urgent: the side of rice was not in the bag fix this asap,missing_item
T100974,2025-08-14 02:33:19,chat,11.45,Odrer #138326: food finally sohwed up cold after over an hour thanks,late_delivery
T100975,2025-08-08 16:45:53,email,21.32,"wrong items, nothing matches my receipt",wrong_order
T100976,2025-08-13 19:17:49,chat,80.28,driver ignored the drop off instructions this is ridiculous,dasher_feedback
T100977,2025-08-15 13:16:10,email,79.95,"ugh restaurant left out the salad, want the moeny back for it can i get a refund",late_delivery
T100978,2025-08-21 17:34:51,chat,88.54,Refund was approved 8 days ago but never hit my card please help,payment_issue
T100979,2025-09-11 02:42:29,chat,92.09,Urgent: refund was approved 10 days ago but never hit my card second time this week,account_access
T100980,2025-09-15 09:40:03,chat,69.05,ugh the garlic bread was not in the bag. also card got declined but the money still left my account,missing_item
T100981,2025-08-11 10:49:45,chat,69.67,ugh promo code did not apply at checkout fix this asap,payment_issue
T100982,2025-09-13 22:31:06,chat,60.41,"hey support, dasehr left my food at the wrong building",dasher_feedback
T100983,2025-09-03 11:02:48,chat,37.06,completely wrong order delivered to me,wrong_order
T100984,2025-09-16 08:08:01,chat,98.38,order is 27 minutes late and still not here very disappointed,late_delivery
T100985,2025-09-17 06:10:11,chat,95.43,order #919799: dasher has not moved on the map for 55 minutes second time this week,late_delivery
T100986,2025-08-29 22:56:08,chat,65.91,ugh charged $73 but the app showed a lower toatl. also card got declined but the money still left my account,payment_issue
T100987,2025-08-22 22:51:51,app_form,24.15,"Hey support, it keeps saying my email is not registered this is ridiculous",account_access
T100988,2025-09-22 20:04:58,chat,56.79,Bag was sealed but the milkshake was missing,missing_item
T100991,2025-08-08 20:58:54,app_form,74.66,"still waiting on my food, the eta keeps moving very disappointed",late_delivery
T100992,2025-08-09 08:50:04,app_form,29.62,urgent: i was cahrged twice for the same order,payment_issue
T100993,2025-09-07 08:41:27,chat,31.04,my order came without the dumplings second time this week,missing_item
T100994,2025-08-13 22:48:42,chat,104.25,"ugh where is my order, it said it would arrive 20 minutes ago",late_delivery
T100996,2025-08-12 23:19:12,email,107.85,hello order is 45 minutes late and still not here. also card got declined but the money still left my account fix this asap,late_delivery
T100997,2025-08-11 19:51:17,chat,15.76,dasher left my food at the wrong biulding. also i ordered the salad but they sent pad thai fix this asap,dasher_feedback
T100998,2025-08-10 23:55:33,chat,41.98,"hi, food finally showed up cold after over an hour please help",late_delivery
T100999,2025-08-07 18:04:12,chat,53.17,Ugh completely wrong order delivered to me fix this asap,wrong_order
T101000,2025-08-03 04:26:15,chat,92.07,"hey support, my account got locked after i changed my phone number can i get a refund",account_access
T101001,2025-08-18 21:28:12,app_form,38.07,"urgent: still waiting on my food, the eta keeps moving. also the dasher was really rude to me at the door very disappointed",late_delivery
T101002,2025-09-15 13:11:00,chat,49.37,ugh food finlaly showed up cold after over an hour,late_delivery
T101003,2025-08-15 02:13:46,chat,97.55,order #186509: my tip was tkaen twice,payment_issue
T101004,2025-09-13 16:51:11,chat,47.83,"Where is my order, it said it would arrive 32 minutes ago. also the dasher was really rude to me at the door fix this asap",late_delivery
T101005,2025-08-14 19:03:48,chat,111.89,hello the dasher was really rude to me at the door please help,dasher_feedback
T101006,2025-08-07 05:02:53,chat,85.54,urgent: logged out and now it will not let me sign back in,account_access
T101008,2025-09-08 19:55:57,app_form,66.56,HELLO FOOD FINALLY SHOWED UP COLD AFTER OVER AN HOUR,late_delivery
T101009,2025-08-04 06:21:32,chat,63.98,i was charged twice for the same order,payment_issue
T101011,2025-09-16 17:45:45,email,108.56,I ordered the pad thai but they sent burrito please help,wrong_order
T101013,2025-08-04 17:29:38,email,52.68,The delivery person marekd it delivered but never came,dasher_feedback
T101014,2025-08-07 09:53:14,chat,65.56,"hi, they forgot my drink again",missing_item
T101015,2025-08-09 12:23:52,chat,79.29,urgent: order is 30 minutes late and still not here can i get a refund,late_delivery
T101016,2025-09-24 07:47:20,chat,45.79,ugh the dasher was really rude to me at the door. also estimated arrival went from 42 to 64 minutes please help,dasher_feedback
T101017,2025-09-10 05:31:46,chat,115.2,Completely wrong order delivered to me fix this asap,wrong_order
T101018,2025-08-16 09:25:07,app_form,69.75,"urgent: this is not my order, i got someone elses food",wrong_order
T101019,2025-08-06 13:13:26,app_form,53.24,ugh charged $84 but the app showed a lwoer ttoal can i get a refund,payment_issue
T101020,2025-08-05 09:48:03,email,115.69,ugh dasher has not mvoed on the map for 35 minutes,late_delivery
T101021,2025-08-18 03:01:59,chat,76.55,"hey support, my account got locked after i changed my phone number. also recevied drink instead of the pad thai second time this week",account_access
T101022,2025-09-27 09:07:45,app_form,103.39,bag was sealed but the sauce was missing this is ridiculous,missing_item
T101023,2025-08-28 17:30:30,chat,104.22,ugh received sauce instead of the chicken sandwich can i get a refund,wrong_order
T101024,2025-08-19 09:59:20,email,68.1,"hello restaurant left out the salad, want the money back for it",missing_item
T101025,2025-08-17 09:22:44,email,82.2,Dasher left my food at the wrong building please help,dasher_feedback
T101027,2025-09-19 08:38:07,email,56.45,"hi, the verification code is not working thanks",account_access
T101028,2025-08-03 17:01:09,email,81.15,"HEY SUPPORT, RESTAURANT LEFT OUT THE DUMPLINGS, WANT THE MONEY BACK FOR IT THIS IS RIDICULOUS",missing_item
T101030,2025-08-02 14:03:50,chat,80.82,"hey support, estiamted arrival went from 38 to 60 minutes thanks",missing_item
T101031,2025-08-29 17:36:10,app_form,80.7,ugh the delivery perosn marked it delivered but never came second time this week,dasher_feedback
T101032,2025-09-14 05:43:34,chat,37.49,"Hi, driver ignored the drop off instructions second time this week",dasher_feedback
T101033,2025-09-29 04:22:54,app_form,43.99,"Hey support, i ordered the pad thai but they sent milkshake thanks",wrong_order
T101034,2025-08-11 09:49:25,email,102.89,ugh the verification code is not working second time this week,account_access
T101035,2025-08-13 08:37:32,chat,85.65,Ugh card got declined but the money still left my account please help,payment_issue
T101036,2025-09-16 03:35:38,chat,35.85,order is 55 minutes late and still not here secnod time this week,late_delivery
T101037,2025-09-08 17:54:39,chat,55.65,"hi, promo code did not apply at checkout please help",payment_issue
T101039,2025-08-02 18:58:27,chat,41.9,order #766837: charged $43 but the app showed a lower total can i get a refund,payment_issue
T101041,2025-08-29 15:59:50,chat,85.52,"Ugh where is my order, it said it would arrive 34 minutes ago very disappoinetd",late_delivery
T101042,2025-08-01 00:32:33,email,90.41,dasher left my food at the wrong building,dasher_feedback
T101043,2025-08-02 14:13:43,chat,54.13,"ugh still waiting on my food, the eta keeps moving. also promo code did not apply at checkout second time this week",late_delivery
T101044,2025-08-15 00:40:50,chat,107.56,"hi, charged $85 but the app showed a lower total. also it keeps saying my email is not registered thanks",payment_issue
T101045,2025-08-23 20:39:06,chat,66.08,order #224296: promo code did not apply at checkout second time this week,payment_issue
T101046,2025-08-02 13:13:08,email,22.47,only got 2 of the 5 items i paid for,missing_item
T101047,2025-09-02 23:10:29,email,72.72,"Hey support, no salad in my delivery this is ridiculous",missing_item
T101048,2025-08-11 21:17:40,app_form,84.66,REFUND WAS APPROVED 12 DAYS AGO BUT NEVER HIT MY CARD,payment_issue
T101049,2025-08-24 08:15:13,chat,91.64,"Hey support, password reset email never arirves fix this asap",account_access
T101050,2025-08-24 08:26:25,chat,76.91,Hello dasher asked me to cancel the order very disappointed,dasher_feedback
T101051,2025-08-30 05:12:05,chat,112.39,hello the second pziza was not in the bag,missing_item
T101053,2025-09-04 14:13:40,email,71.77,"Hi, card got declined but the money still left my account can i get a refund",payment_issue
T101054,2025-08-30 08:51:33,app_form,119.22,URGENT: DASHER HAS NOT MOVED ON THE MAP FOR 27 MINUTES CAN I GET A REFUND,late_delivery
T101058,2025-08-20 04:51:31,chat,100.12,they forgot my fries again. also completely wrong order delivered to me fix this asap,missing_item
T101059,2025-08-28 21:12:30,email,116.13,ugh password reset email never arrives can i get a refund,account_access
T101060,2025-09-16 16:42:34,chat,101.5,Ugh my tip was taken twice,payment_issue
T101061,2025-08-24 23:11:42,chat,96.74,ugh order is 37 minutes late and still not here this is ridciulous,late_delivery
T101062,2025-09-07 07:38:37,chat,48.76,ugh the fries was not in the bag please help,missing_item
T101063,2025-08-23 22:36:01,chat,15.59,"ugh where is my order, it said it would arrive 47 minutes ago please help",wrong_order
T101064,2025-09-11 20:29:03,chat,36.3,I oredred the milkshake but they sent salad,wrong_order
T101065,2025-08-19 17:51:58,app_form,56.02,"hi, the delivery person marked it delivered but never came",dasher_feedback
T101066,2025-09-14 11:53:42,chat,24.69,the dasher was really rude to me at the door can i get a refund,dasher_feedback
T101067,2025-08-04 03:13:54,chat,17.97,hello my tip was taken tiwce,payment_issue
T101069,2025-08-21 19:27:42,email,69.5,ugh only got 2 of the 5 items i paid for please help,missing_item
T101070,2025-08-02 20:37:08,chat,67.43,"urgent: where is my order, it said it would arrive 31 minutes ago",late_delivery
T101073,2025-09-11 01:12:26,app_form,92.06,hello they forgot my second pizza again fix this asap,missing_item
T101075,2025-09-26 02:40:02,chat,23.87,"Odrer #611488: this is not my odrer, i got someone elses food can i get a refund",account_access
T101078,2025-08-10 05:09:36,chat,115.08,"hi, promo code did not apply at checkout second time this week",payment_issue
T101079,2025-08-29 02:31:40,chat,53.98,"Hey support, the garlic bread was not in the bag",missing_item
T101080,2025-08-16 18:05:22,chat,40.23,"hey support, this is not my order, i got someone elses food. also where is my order, it said it would arrive 46 minutes ago very disappointed",wrong_order
T101081,2025-09-28 00:30:51,chat,32.17,i ordered the dumplings but they sent sauce,wrong_order
T101082,2025-09-22 01:51:27,chat,80.25,Hello cant log in to my account please help,account_access
T101084,2025-08-20 16:19:07,app_form,43.91,Order #615919: the bag had a different name on it fix this asap,wrong_order
T101085,2025-08-18 09:00:24,app_form,114.63,"where is my order, it said it would arrive 50 minutes ago. also order is 29 minutes late and still not here",late_delivery
T101086,2025-08-13 00:34:23,chat,90.09,Urgent: charged $75 but the app showed a lower total,payment_issue
T101087,2025-09-11 20:48:06,chat,75.14,"Hi, bag was sealed but the side of rice was missing second time this week",missing_item
T101088,2025-09-20 04:24:06,email,59,order #888191: chraged $26 but the app showed a lower total please help,payment_issue
T101089,2025-09-25 16:26:03,app_form,22.64,Urgent: received dumplings instead of the second pizza very disappointed,wrong_order
T101090,2025-08-11 07:09:14,email,9.78,"hey support, estimated arrival went from 38 to 85 minutes thanks",late_delivery
T101091,2025-09-16 22:57:12,chat,61.48,"ugh where is my order, it said it would arrive 34 minutes ago please help",late_delivery
T101092,2025-08-21 01:13:16,chat,13.24,"hey support, only got 3 of the 5 items i paid for this is ridiculous",missing_item
T101093,2025-09-16 19:26:14,chat,75.29,hello card got declined but the mnoey still left my account this is ridiculous,payment_issue
T101094,2025-08-13 03:51:24,email,102.52,"Hi, only got 1 of the 4 items i paid for second time this week",missing_item
T101097,2025-09-19 13:56:34,email,80.27,"hey support, no fries in my delivery",missing_item
T101098,2025-09-12 07:22:45,email,30.96,urgent: the bag had a different name on it please help,wrong_order
T101099,2025-08-11 14:10:13,chat,53.85,"odrer #400922: still waiting on my food, the eta keeps mvoing very disappointed",late_delivery
T101100,2025-08-09 07:00:13,app_form,79.69,"where is my order, it said it would arrive 33 minutes ago can i get a refund",wrong_order
T101101,2025-08-30 17:16:18,email,65.5,"hello dasher ate some of my side of rice, the box was opened",dasher_feedback
T101103,2025-08-28 17:16:54,email,37.51,hello promo code did not apply at checkout can i get a rfeund,payment_issue
T101104,2025-08-04 09:45:09,chat,118.07,urgent: promo code did not apply at checkout. also the bag had a different name on it this is ridiculous,payment_issue
T101105,2025-08-19 10:19:41,app_form,49.97,"Hi, dasher ate some of my side of rice, the box was opened",dasher_feedback
T101107,2025-08-25 22:03:00,app_form,16.05,"urgent: bag was sealed but the pad thai was missing. also restaurant left out the burrito, want the money back for it this is ridiculous",missing_item
T101108,2025-09-09 14:20:07,app_form,119.17,oredr #199381: promo code did not apply at checkuot,payment_issue
T101110,2025-08-26 10:27:52,app_form,90.94,order #780215: the bag had a different name on it this is ridiculous,wrong_order
T101112,2025-09-29 02:15:11,chat,30.14,ugh i was charged twice for the same order thnaks,payment_issue
T101114,2025-08-16 01:55:00,chat,51.99,the dasher was really rude to me at the door second time this week,dasher_feedback
T101117,2025-09-23 05:47:10,chat,94.29,hello my order came without the side of rice,missing_item
T101118,2025-08-23 07:41:10,app_form,113.58,urgent: my tip was taken twice,payment_issue
T101119,2025-08-22 15:12:53,email,65.65,ugh estimated arrival went from 35 to 75 minutes. also the dasher was really rude to me at the door please help,late_delivery
T101120,2025-08-10 21:22:02,email,80.55,urgent: my tip was taken twice fix this asap,payment_issue
T101121,2025-09-19 08:13:09,app_form,75.23,"hey support, only got 3 of the 6 items i paid for second time this week",missing_item
T101122,2025-08-09 23:06:14,chat,102.78,"Hey supoprt, no fries in my delivery",missing_item
T101123,2025-08-14 02:31:49,email,29.51,HELLO DASHER HAS NOT MOVED ON THE MAP FOR 31 MINUTES SECOND TIME THIS WEEK,late_delivery
T101124,2025-09-01 06:49:39,chat,17.05,"hey support, wrong items, nothing matches my receipt this is ridiculous",wrong_order
T101125,2025-08-21 11:25:49,chat,117.35,hello my account got locked after i changed my phone number second time this week,account_access
T101127,2025-08-28 06:11:32,chat,43.54,My order came without the milkshake please help,missing_item
T101128,2025-08-28 09:08:18,email,74.54,hello i was charged twice for the same order can i get a refund,payment_issue
T101129,2025-08-30 03:08:37,chat,119.86,order #112012: only got 3 of the 6 itmes i paid for. also my order came without the second pizza can i get a refund,missing_item
T101130,2025-09-25 23:09:29,chat,94.83,dasher asked me to cancel the order,dasher_feedback
T101131,2025-09-02 13:49:08,chat,11.4,"Hi, dasher asked me to cancel the order very disappointed",dasher_feedback
T101132,2025-09-27 06:21:58,chat,93.35,driver ignored the drop off instructions,dasher_feedback
T101133,2025-08-02 13:30:28,chat,58.55,"ugh order is 46 minutes late and still not here. also restaurant left out the fries, want the money back for it thanks",late_delivery
T101135,2025-08-23 17:42:28,app_form,49.24,dasher asked me to cancel the order,dasher_feedback
T101136,2025-08-09 08:22:11,app_form,106.62,hello the delivery person marked it dleivered but never came,dasher_feedback
T101137,2025-09-20 20:35:59,chat,82.73,food finally showed up cold after over an hour fix this asap,late_delivery
T101139,2025-09-27 00:26:16,email,107.98,order #943883: food finally showed up cold after over an hour please help,late_delivery
T101140,2025-09-29 05:47:38,chat,38.3,order #251350: no salad in my delivery very disappointed,missing_item
T101141,2025-08-06 06:16:18,email,41,completely wrong order delivered to me please help,wrong_order
T101142,2025-08-12 12:58:18,chat,28.08,Hello the fries was not in the bag very disappointed,missing_item
T101144,2025-08-24 10:31:48,chat,89.75,"hi, restaurant left out the drink, want the money back for it",missing_item
T101145,2025-09-20 15:10:16,chat,34.21,the side of rice was not in the bag. also i was charged twice for the same order,missing_item
T101146,2025-09-14 06:47:35,chat,63.2,hello only got 3 of the 6 items i paid for please help,missing_item
T101147,2025-08-07 05:27:27,chat,107.84,"Hey support, received chicken sandwich instead of the drink this is ridiculous",wrong_order
T101150,2025-08-31 10:36:43,chat,33.09,"hi, only got 3 of the 4 items i paid for very disappointed",missing_item
T101151,2025-09-12 13:07:58,app_form,72.75,Ugh completely wrong order delivered to me please help,wrong_order
T101152,2025-09-29 07:25:10,email,102.47,"Ugh restaurant left out the milkshake, want the money back for it please help",missing_item
T101153,2025-09-25 15:01:46,email,106.45,order #982022: charged $89 but the app showed a lower total this is ridiculous,payment_issue
T101154,2025-09-25 16:19:58,chat,18.49,"Hey support, they forgot my chikcen sadnwich again thanks",missing_item
T101155,2025-08-13 22:18:19,chat,86.32,"Hey support, my tip was taken twice this is ridiculous",payment_issue
T101156,2025-08-24 18:35:25,app_form,88.03,"hi, still waiting on my food, the eta keeps moving. also i ordered the burrito but they sent garlic berad",payment_issue
T101157,2025-08-02 03:15:26,chat,83.04,"Hey support, they forgot my milkshake again. also cant log in to my account second time this week",missing_item
T101158,2025-09-07 16:55:30,chat,27.1,URGENT: REFUND WAS APPROEVD 7 DAYS AGO BUT NEVER HIT MY CARD,payment_issue
T101159,2025-09-27 13:01:06,chat,75.11,urgent: dasher has not moved on the map for 25 minutes this is ridiculous,late_delivery
T101162,2025-08-12 14:07:39,chat,90.71,"Hey suppotr, my account got locked afetr i changed my phone number",account_access
T101164,2025-09-09 08:26:49,chat,92.52,Ugh my order came without the burrito. also the bag had a different name on it,missing_item
T101165,2025-08-13 00:25:25,chat,63.37,the verification code is not working very disappointed,account_access
T101168,2025-09-26 22:10:12,app_form,42.83,"this is not my order, i got someone elses food",wrong_order
T101169,2025-08-23 20:33:35,chat,42.12,ugh card got declined but the money still left my account fix this asap,payment_issue
T101170,2025-09-29 01:53:02,chat,100.39,the milkshake was not in the bag. also cmopletely wrong order delivered to me this is ridiculous,missing_item
T101171,2025-09-29 22:55:14,app_form,77.55,"hey support, they forgot my fries again very disappointed",missing_item
T101172,2025-09-01 10:19:27,chat,85.11,DASHER LEFT MY FOOD AT THE WRONG BUILDNIG,dasher_feedback
T101174,2025-08-12 15:22:23,chat,87.42,order #322461: i was charged twice for the same order,payment_issue
T101175,2025-08-18 17:26:50,chat,102.33,Order is 43 minutes late and still not here,late_delivery
T101177,2025-09-25 05:07:44,email,81.72,Ugh driver ignored the drop off instructions,dasher_feedback
T101178,2025-08-03 20:49:13,app_form,85.48,"hey support, they forgot my burrito again",missing_item
T101179,2025-08-14 12:01:53,app_form,75.91,hello charged $86 but the app showed a lower total,wrong_order
T101180,2025-08-24 20:19:34,chat,93.27,Only got 1 of the 4 items i paid for please help,missing_item
T101181,2025-09-16 03:02:15,app_form,103.69,"order #273720: where is my order, it said it wolud arrive 41 minutes ago",late_delivery
T101183,2025-08-28 07:40:23,email,64.16,order is 29 minutes late and still not here second time this week,payment_issue
T101184,2025-09-22 16:36:19,chat,32.3,No burrito in my delivery please help,missing_item
T101185,2025-08-25 09:55:57,chat,71.53,Received side of rice instead of the chicken sandwich please help,wrong_order
T101186,2025-08-03 16:22:27,chat,119.71,"Hello where is my order, it said it would arrive 54 mniutes ago please help",late_delivery
T101187,2025-09-12 04:20:40,email,92.63,hello the verification code is not working fix this asap,account_access
T101188,2025-09-02 13:12:17,chat,43.09,Ugh the salad was not in the bag,missing_item
T101189,2025-08-27 00:03:04,chat,24.39,ugh estimated arrival went from 47 to 75 minutes. also no side of rice in my delivery fix this asap,late_delivery
T101190,2025-09-29 06:27:29,chat,38.31,ugh food finally showed up cold after over an hour,missing_item
T101191,2025-09-18 00:03:07,chat,24.66,completely wrong order delivered to me. also the dumplings was not in the bag second time this week,wrong_order
T101192,2025-09-25 21:14:17,app_form,51.86,"Hi, still waiting on my food, the eta keeps moving this is ridiculous",late_delivery
T101193,2025-09-20 19:23:36,chat,46.5,urgent: no sauce in my delivery,missing_item
T101194,2025-08-16 19:59:41,app_form,78.31,"hey support, it keeps saying my email is not registered can i get a refund",account_access
T101195,2025-09-16 23:50:15,email,27.04,urgent: card got declined but the money still left my account,payment_issue
T101198,2025-09-26 23:49:26,email,23.15,completely wrong order delivered to me,wrong_order
T101200,2025-08-20 16:33:08,email,99.68,They forgot my salad again,missing_item
T101201,2025-08-13 07:38:43,chat,52.81,order #339595: the verification code is not working. also order is 53 minutes late and still not here this is ridiculous,account_access
T101202,2025-09-22 11:17:21,chat,67.6,Order #492911: order is 48 minutes late and still not here,late_delivery
T101204,2025-09-26 15:20:48,app_form,41.31,Order #397103: order is 43 minutes late and still not here please help,late_delivery
T101205,2025-08-19 12:04:48,chat,25.14,"Copmletely wrong order delivered to me. also still waiting on my food, the eta keeps moving thanks",wrong_order
T101206,2025-09-26 14:16:30,app_form,83.62,"hey support, restaurant left out the second pizza, want the money back for it",missing_item
T101208,2025-09-03 07:04:48,chat,55.29,Promo code did not apply at checkout. also it keeps saying my email is not registered very disappointed,payment_issue
T101209,2025-09-25 17:07:24,chat,24.98,"hi, received salad instead of the sauce this is ridiculous",wrong_order
T101210,2025-09-24 22:01:57,email,87.79,urgent: i ordered the drink but they sent sauce very disappointed,wrong_order
T101211,2025-08-30 00:48:30,chat,103.05,order is 55 minutes late and still not here. also bag was sealed but the pad thai was missing,late_delivery
T101213,2025-08-14 07:45:50,chat,48.08,received second pizza instead of the salad please help,wrong_order
T101214,2025-09-06 14:50:14,chat,37.52,hello order is 43 minutes late and sitll not here thanks,late_delivery
T101215,2025-09-11 19:30:51,email,35.03,Order #847426: driver ignored the drop off instructions,dasher_feedback
T101216,2025-09-20 08:24:49,chat,102.64,hello my tip was taken tiwce fix this asap,dasher_feedback
T101217,2025-08-17 20:26:30,chat,19.75,"hi, only got 1 of the 6 items i paid for fix this asap",missing_item
T101218,2025-09-29 19:05:08,app_form,25.13,order #372166: only got 2 of the 5 items i paid for,missing_item
T101220,2025-08-26 17:36:14,chat,96.15,"Hi, completely wrong order delivered to me. also charged $41 but the app showed a lower total fix this asap",wrong_order
T101221,2025-09-14 05:47:32,chat,24.17,ugh it keeps saying my email is not registered,account_access
T101222,2025-08-08 17:06:34,chat,17.29,ugh order is 42 minutes late and still not here this is ridiculous,late_delivery
T101223,2025-08-02 07:45:05,app_form,110.18,"hi, i was charged twice for the same order can i get a refund",payment_issue
T101224,2025-09-20 10:10:29,chat,32.87,password reset email never arrives thanks,account_access
T101225,2025-08-01 21:59:01,chat,56.41,no milkshake in my delivery,missing_item
T101226,2025-08-28 15:53:59,chat,15.36,"hey support, still waiting on my food, the eta keeps moving very disappointed",late_delivery
T101227,2025-08-03 01:54:22,app_form,98.44,ugh the verification code is not working fix this asap,account_access
T101228,2025-08-03 01:21:30,chat,55.18,hello refund was approved 12 days ago but never hit my card,payment_issue
T101229,2025-09-04 21:03:31,app_form,63.95,"Hi, order is 43 minutes late and still not here",late_delivery
T101230,2025-08-07 04:24:52,app_form,43.46,order #716048: promo code did not apply at checkout this is ridiculous,payment_issue
T101231,2025-09-01 07:45:37,email,51.76,urgent: i was charged twice for the same order second time this week,missing_item
T101232,2025-08-09 07:17:06,email,76.09,Urgent: received milkshake instead of the burrito,wrong_order
T101233,2025-09-15 03:01:53,chat,56.71,hello received fries instead of the second pizza second time this week,wrong_order
T101236,2025-09-28 08:46:06,chat,11.15,"hey support, password reset email never arrives please help",account_access
T101238,2025-09-22 05:05:02,email,9.37,Urgent: food finally showed up cold after over an hour very disappointed,late_delivery
T101239,2025-08-24 18:06:09,chat,30.95,Urgent: completely worng order deilvered to me fix this asap,wrong_order
T101241,2025-08-08 06:57:36,chat,38.46,"hey support, i was charged twice for the same order can i get a refund",payment_issue
T101242,2025-09-22 13:30:27,app_form,99.82,ugh logged out and now it will not let me sign back in fix this asap,account_access
T101243,2025-08-26 03:38:58,app_form,34.48,order #406724: logged out and now it will not let me sign back in thanks,account_access
T101244,2025-08-13 00:21:36,chat,54.73,"hey support, estimated arrival went from 24 to 83 minutes thanks",late_delivery
T101247,2025-08-26 20:29:14,chat,83.74,ugh received pad thai instead of the second pizza very disappointed,wrong_order
T101248,2025-09-18 16:42:48,chat,11.06,hello the verification code is not working. also refund was approved 9 days ago but never hit my card,account_access
T101249,2025-09-06 04:49:24,chat,46.85,ugh the delivery person makred it delivered but nveer came can i get a refund,dasher_feedback
T101250,2025-09-14 23:59:05,chat,22.91,"HI, PROMO CODE DID NOT APPLY AT CHECKOUT FIX THIS ASAP",payment_issue
T101251,2025-09-01 02:21:57,chat,110.25,It keeps saying my email is not registered fix this asap,account_access
T101252,2025-08-02 11:12:15,chat,56.81,logged out and now it will not let me sign back in thanks,account_access
T101254,2025-09-13 02:49:22,chat,26.68,Urgent: the delivery person makred it delivered but never came this is ridiculous,dasher_feedback
T101255,2025-08-07 00:30:37,chat,61.82,"hey support, they forgot my dumplings again",missing_item
T101256,2025-09-04 13:52:43,chat,76.04,card got declined but the money still left my account fix this asap,payment_issue
T101257,2025-08-09 06:17:38,email,104.81,i ordered the milkshake but they sent garlic bread very disappointed,dasher_feedback
T101258,2025-09-17 19:06:48,chat,65.27,"hi, dasher ate some of my dumplings, the box was opened thanks",dasher_feedback
T101259,2025-08-01 23:55:20,email,51.89,Urgent: dasher has not moved on the map for 21 minutes second time this week,late_delivery
T101260,2025-09-20 23:33:55,app_form,92.35,"hey support, completely wrong order delivered to me second time this week",wrong_order
T101261,2025-09-05 06:09:21,chat,111.36,hello my order came without the sauce,missing_item
T101263,2025-09-20 17:25:47,chat,81.15,They forgot my milkshake again fix this asap,missing_item
T101264,2025-09-26 07:25:12,app_form,87.89,"hi, order is 55 minutes late and still not here this is ridiuclous",late_delivery
T101265,2025-08-02 19:58:15,chat,77.1,hello only got 2 of the 5 items i paid for thanks,missing_item
T101266,2025-09-08 01:38:22,chat,92.68,"hi, order is 33 minutes late and still not here please help",late_delivery
T101267,2025-09-27 08:10:52,email,45.81,"Urgent: this is not my order, i got someone elses food",wrong_order
T101268,2025-09-10 04:19:35,chat,77.5,urgent: card got declined but the money still left my account can i get a refund,payment_issue
T101269,2025-09-23 16:18:01,chat,21.46,password reset email never arrives. also the dasher was really rude to me at the door thanks,account_access
T101275,2025-08-25 20:31:16,app_form,53.29,"hi, dasher left my food at the wrong building. also password reest email never arrives can i get a refund",dasher_feedback
T101276,2025-09-01 03:59:28,email,11.39,hello my order came without the salad this is ridiculous,missing_item
T101277,2025-08-08 09:22:57,chat,79.44,hello dasher has not moved on the map for 20 minutes fix this asap,late_delivery
T101278,2025-09-09 01:48:11,email,11.27,"Hey support, food finally showed up cold after over an hour please help",late_delivery
T101281,2025-09-13 04:27:18,chat,17.68,charged $26 but the app showed a lower total. also order is 22 minutes late and still not here,payment_issue
T101282,2025-08-23 08:39:17,email,115.41,order #730604: it keeps saying my email is not registered thanks,account_access
T101283,2025-09-11 18:58:37,email,94.2,Hello cant log in to my account very disappointed,account_access
T101284,2025-08-31 07:53:29,app_form,11.97,"Hey support, promo code did not apply at checkout can i get a refund",payment_issue
T101286,2025-08-15 08:16:28,app_form,87.48,bag was sealed but the dumplings was missing,missing_item
T101288,2025-09-21 22:01:30,chat,119,UGH MY ORDER CAME WITHOUT THE GARLIC BERAD FIX THIS ASAP,missing_item
T101289,2025-08-24 07:30:46,chat,114.07,hello they forgot my pad thai again,missing_item
T101291,2025-09-16 02:24:03,app_form,89.57,ugh completely wrong order delivered to me thanks,wrong_order
T101292,2025-09-27 23:39:36,app_form,12.88,FOOD FINALLY SHOEWD UP COLD AFTER OVER AN HOUR,late_delivery
T101293,2025-09-04 16:41:48,chat,63.74,Bag was sealed but the sauce was missing please help,missing_item
T101294,2025-08-27 04:35:50,chat,66.13,urgent: i was charged twice for the same order thanks,payment_issue
T101295,2025-08-12 06:02:45,chat,25.3,"hi, still waiting on my food, the eta keeps moving second time this week",late_delivery
T101296,2025-08-14 05:36:50,app_form,30.93,"hi, restaurant left out the milkshake, want the money back for it second time this week",missing_item
T101297,2025-08-29 09:00:02,email,61.98,refund was approved 10 days ago but never hit my card can i get a refund,payment_issue
T101299,2025-09-12 09:39:08,chat,24.68,order #943641: the dasher was really rude to me at the door can i get a refund,dasher_feedback
T101301,2025-08-24 10:47:51,app_form,29.71,"hey support, the side of rice was not in the bag",missing_item
T101303,2025-08-16 03:04:41,chat,14.46,the dasher was really rude to me at the door. also dsaher left my food at the wrong building second time this week,dasher_feedback
T101304,2025-08-30 03:20:51,chat,88.47,urgent: my tip was taken twice second time this week,payment_issue
T101305,2025-09-15 13:08:15,chat,62.99,"Urgent: dasher ate some of my chicken sandwich, the box was opened can i get a refund",dasher_feedback
T101306,2025-08-13 16:07:46,chat,20.02,"hey support, the second pizza was not in the bag fix this asap",missing_item
T101308,2025-08-11 03:18:06,app_form,15.2,order #473758: refund was approved 7 days ago but never hit my card,payment_issue
T101309,2025-09-07 08:49:18,app_form,115.3,Order #529197: order is 46 minutes late and still not here please help,late_delivery
T101310,2025-08-02 16:24:59,chat,51.56,"Hi, the drink was not in the bag very disappointed",missing_item
T101312,2025-08-29 02:54:53,chat,69.17,Reufnd was approved 7 days ago but never hit my card,payment_issue
T101313,2025-09-06 10:03:58,chat,65.54,order is 33 minutes late and sitll not here. also only got 3 of the 6 items i paid for very disappointed,late_delivery
T101314,2025-08-12 23:01:09,app_form,93.33,hello the verification code is not working fix this asap,account_access
T101315,2025-08-09 01:02:46,chat,14.01,"urgent: where is my order, it said it would arrive 33 minutes ago thanks",late_delivery
T101316,2025-08-03 03:30:06,chat,85.92,ugh i was charged twice for the same order,payment_issue
T101317,2025-09-10 17:55:58,chat,117.5,ugh order is 23 minutes late and still not here,late_delivery
T101318,2025-09-05 22:30:30,chat,22.56,"hi, refund was approved 4 days ago but never hit my card thanks",payment_issue
T101319,2025-09-27 02:26:58,app_form,75.72,"Order #191851: restaurant left out the drink, want the money back for it",missing_item
T101321,2025-08-04 23:36:00,app_form,104.12,"hey suppotr, passowrd reset email never arrives",account_access
T101322,2025-09-07 12:13:17,chat,51.11,food finally showed up cold after over an hour. also driver ignored the drop off instructions very disappointed,late_delivery
T101323,2025-09-09 11:55:43,email,92.28,"Hey support, dasher has not moved on the map for 29 minutes this is ridiculous",late_delivery
T101324,2025-08-31 22:43:51,chat,30.44,"hey support, no burrito in my delivery this is ridiculous",missing_item
T101325,2025-08-18 02:03:27,email,59.44,"hello still waiting on my food, the eta keeps moving can i get a refund",late_delivery
T101326,2025-09-02 17:03:45,app_form,51.24,"Hey support, no sauce in my delivery",missing_item
T101327,2025-09-07 11:30:16,email,105.92,"hey support, only got 2 of the 4 items i paid for very disappointed",missing_item
T101329,2025-09-23 12:55:34,chat,42.29,order #171762: the pad thai was not in the bag,missing_item
T101330,2025-09-06 03:24:45,chat,16.7,OREDR #576779: CHARGED $36 BUT THE APP SHOWED A LOWER TOTAL THIS IS RIDICULOUS,payment_issue
T101331,2025-09-28 23:11:45,app_form,80.17,estimated arrival went from 31 to 90 minutes,late_delivery
T101332,2025-08-04 09:47:33,chat,56.26,urgent: cant log in to my account very disappointed,account_access
T101333,2025-08-18 04:18:48,chat,54.41,"Order #696048: still waiting on my food, the eta keeps moving this is ridiculous",late_delivery
T101334,2025-08-02 19:57:00,chat,62.31,"hi, where is my order, it said it would arrive 24 minutes ago please help",late_delivery
T101335,2025-08-03 10:36:41,app_form,59.03,Hello promo code did not apply at checkout please help,payment_issue
T101337,2025-09-19 08:27:58,email,65.8,the delivery person marked it delivered but never came thanks,dasher_feedback
T101339,2025-08-15 19:37:55,chat,62.57,urgent: my account got locked after i changed my phone number second time this week,account_access
T101340,2025-09-09 12:23:30,app_form,22.06,"hi, the delivery person marked it delivered but nveer came",dasher_feedback
T101342,2025-09-29 07:02:31,app_form,37.36,"hi, my account got locked after i changed my phone number",account_access
T101343,2025-09-28 08:51:26,chat,46.01,"hi, charged $67 but the app showed a lower total this is ridiuclous",payment_issue
T101345,2025-08-20 22:57:16,app_form,67.01,URGENT: LOGGED OUT AND NOW IT WILL NOT LET ME SIGN BACK IN,account_access
T101346,2025-08-18 05:21:10,chat,36.91,hlelo order is 33 minutes late and still not here seocnd time this week,late_delivery
T101347,2025-08-02 20:46:56,app_form,43.88,"ugh where is my order, it said it would arrive 43 minutes ago this is ridiculous",missing_item
T101348,2025-08-18 07:51:50,app_form,25.54,I was charged twice for the same order,payment_issue
T101350,2025-08-08 17:54:41,chat,64.26,"hi, my account got locked after i changed my phone nubmer",account_access
T101351,2025-09-21 13:09:00,chat,58.67,"still waiting on my food, the eta keeps moving second time this week",late_delivery
T101353,2025-08-05 01:57:41,email,19.81,urgent: the pad thai was not in the bag fix this asap,missing_item
T101354,2025-08-02 19:11:48,chat,43.18,"Order #137218: restaurant left out the salad, want the money back for it. also the dasher was really rude to me at the door please help",missing_item
T101355,2025-08-09 16:38:22,chat,105.54,ugh completely wrong order delivered to me,wrong_order
T101357,2025-08-01 18:28:10,email,17.71,hello order is 53 minutes late and still not here,late_delivery
T101358,2025-09-08 05:13:48,app_form,83.45,urgent: dasher asked me to cancel the order,dasher_feedback
T101359,2025-09-09 03:35:08,email,9.96,Hello food finally showed up cold after over an hour. also it keeps saying my email is not registered thakns,late_delivery
T101360,2025-09-26 01:01:17,email,15.88,"where is my order, it said it would arrive 30 minutes ago fix this asap",late_delivery
T101361,2025-08-01 08:23:38,chat,31,ugh the second pizza was not in the bag,missing_item
T101363,2025-08-31 07:31:34,chat,29.46,order #794981: dasher has not moved on the map for 51 minutes,late_delivery
T101364,2025-08-12 23:55:12,chat,110.36,dasher has not moved on the map for 45 minutes please help,late_delivery
T101365,2025-09-09 11:40:55,chat,108.23,Hello dasher left my food at the wrong building can i get a refund,dasher_feedback
T101366,2025-08-24 02:12:40,chat,70.25,the fries was not in the bag,missing_item
T101367,2025-09-14 03:20:41,email,56.37,"Hey support, my tip was taken twice",payment_issue
T101368,2025-09-24 03:20:15,chat,84.93,order #989535: order is 51 miuntes late and still not here please help,late_delivery
T101369,2025-08-04 00:38:45,app_form,114.05,urgent: it keeps saying my email is not registered,account_access
T101370,2025-09-09 20:32:38,chat,10.26,"hey support, promo code did not apply at checkout thanks",payment_issue
T101371,2025-08-20 08:49:47,chat,38.54,"hey support, still waiting on my food, the eta keeps moving very disappointed",late_delivery
T101374,2025-09-26 04:37:49,chat,105.19,"still waitnig on my food, the eta keeps moving",late_delivery
T101375,2025-08-27 16:38:20,chat,92.35,"HI, MY TIP WAS TAKEN TWICE FIX THIS ASAP",payment_issue
T101376,2025-09-04 17:50:41,email,98.84,the burrito was not in the bag very disappointed,missing_item
T101377,2025-08-10 20:33:01,chat,30.55,"hey support, where is my order, it said it would arrive 30 minutes ago",late_delivery
T101378,2025-09-11 04:05:56,chat,45.13,"Urgetn: still waiting on my food, the eta keeps moving fix this asap",late_delivery
T101380,2025-09-12 19:02:02,app_form,111.68,"where is my order, it said it would arrive 33 minutes ago please help",late_delivery
T101384,2025-08-24 01:40:56,email,38.29,Dasher left my food at the wrong building thanks,dasher_feedback
T101385,2025-09-25 08:49:29,chat,111.49,"HEY SUPPORT, MY ACCOUNT GOT LOCKED AFTER I CHANGED MY PHONE NUMBER FIX THIS ASAP",account_access
T101386,2025-09-10 18:59:27,chat,37.4,ugh refund was approved 10 days ago but never hit my card,payment_issue
T101387,2025-09-27 20:36:40,chat,35.58,"ugh this is not my order, i got someone elses food",wrong_order
T101389,2025-08-02 11:13:12,chat,65.52,order #660998: my account got locked after i changed my phone number fix this asap,account_access
T101390,2025-09-14 16:58:38,email,28.74,Urgent: card got declined but the money still left my account please help,payment_issue
T101391,2025-09-21 15:37:38,chat,104.26,order #958984: i was charged twice for the same order can i get a refund,payment_issue
T101394,2025-08-30 10:45:24,chat,102.51,order #219361: no chicken sandwich in my delivery please help,missing_item
T101395,2025-08-01 23:01:58,email,20.86,"RESTAURANT LEFT OUT THE SIDE OF RICE, WANT THE MONEY BACK FOR IT THANKS",missing_item
T101396,2025-08-06 08:31:34,email,63.6,Order #951832: food finally showed up cold after over an hour fix this asap,late_delivery
T101397,2025-08-25 09:56:34,app_form,90.65,"hi, cant log in to my account this is ridiculous",account_access
T101400,2025-08-13 06:14:01,email,111.54,ugh estimated arrival went from 49 to 88 minutes can i get a refund,late_delivery
T101401,2025-08-27 16:55:52,chat,61.87,Dasher asked me to cancel the order. also card got declined but the money still left my account second time this week,dasher_feedback
T101402,2025-08-19 02:50:59,chat,70.21,bag was sealed but the salad was missing fix this asap,missing_item
T101403,2025-08-11 18:42:58,chat,16.42,the bag had a different name on it,wrong_order
T101405,2025-08-18 18:41:00,chat,116.29,urgent: food fnially showed up cold after over an hour this is ridiculous,late_delivery
T101406,2025-09-14 10:46:24,chat,104.5,"order #950209: dasher ate some of my sauce, the box was opened can i get a refund",dasher_feedback
T101407,2025-09-06 01:01:03,chat,27.57,"This is not my order, i got someone elses food",wrong_order
T101408,2025-09-17 02:53:15,email,26.24,only got 2 of the 5 items i paid for this is ridiculous,missing_item
T101409,2025-08-08 13:10:34,chat,108.75,ODRER #893923: THE DASHER WAS REALLY RUDE TO ME AT THE DOOR,dasher_feedback
T101410,2025-08-19 22:31:48,app_form,99.18,"hey support, only got 2 of the 5 items i paid for please help",missing_item
T101411,2025-09-29 05:07:50,email,94.68,"WHERE IS MY ORDER, IT SAID IT WOULD ARRIVE 43 MINUTES AGO. ALSO CARD GOT DECLINED BUT THE MONEY STILL LEFT MY ACCOUNT",late_delivery
T101412,2025-08-16 04:31:27,chat,84.73,hello bag was sealed but the burrito was missing can i get a refund,missing_item
T101413,2025-08-31 13:45:40,email,15.88,cant log in to my account. also logged out and now it will not let me sign back in thanks,account_access
T101414,2025-08-31 07:15:46,chat,84.28,"ugh wrong items, nothing matches my receipt very disappointed",wrong_order
T101415,2025-09-19 07:22:24,chat,9.2,the bag had a different name on it this is ridiculous,wrong_order
T101417,2025-08-25 01:25:51,chat,83.81,Cant log in to my account this is ridiculuos,account_access
T101418,2025-08-16 20:43:26,chat,94,Hello charged $52 but the app showed a lower total please help,account_access
T101419,2025-08-25 12:58:12,chat,23.74,"hi, still waiting on my food, the eta keeps moving this is ridiculous",late_delivery
T101420,2025-09-17 22:12:22,email,75.57,"hey support, dasher asked me to cancel the order. also the bag had a different name on it",dasher_feedback
T101421,2025-09-24 09:38:47,chat,94.12,"whree is my order, it said it would arrive 53 minuets ago. also still waiting on my food, the eta keeps moving",late_delivery
T101422,2025-09-26 13:45:33,chat,50.77,"hi, where is my order, it said it would arrive 25 minutes ago fix this asap",late_delivery
T101423,2025-09-23 15:41:37,chat,13.01,Order #467965: they forgot my slaad again,missing_item
T101425,2025-08-15 15:18:12,app_form,87.35,"hi, the delivery person marked it delivered but never came",dasher_feedback
T101427,2025-09-01 19:09:48,chat,119.62,"restaurant left out the chicken sandwich, want the money back for it. also logged out and now it will not let me sign back in",missing_item
T101428,2025-08-26 12:25:31,email,100.32,urgent: order is 28 minutes late and still not here thanks,late_delivery
T101430,2025-09-28 21:50:14,chat,58.92,food finally showed up cold after over an hour can i get a refund,late_delivery
T101431,2025-08-08 14:12:49,email,33.52,THE DELIVERY PERSON MARKED IT DELIVERED BUT NEVER CAME PLEASE HELP,dasher_feedback
T101432,2025-08-12 20:56:02,chat,41.89,"HI, REFUND WAS APPROVED 11 DAYS AGO BUT NEVER HIT MY CARD",payment_issue
T101433,2025-08-08 07:49:50,app_form,23.76,"Hey support, the bag had a different name on it",wrong_order
T101434,2025-08-13 04:01:44,app_form,18.6,"Hey support, bag was sealed but the salad was missing secnod time this week",missing_item
T101436,2025-09-02 18:21:26,chat,31.79,"hi, it keeps saying my eamil is not registered. also received milkshake instead of the burrito thanks",account_access
T101437,2025-09-15 02:23:56,chat,77.12,bag was sealed but the chicken sanwdich was missing second time this week,missing_item
T101438,2025-09-09 00:42:47,app_form,23.75,hello order is 45 minutes late and still not here,payment_issue
T101439,2025-09-18 20:21:33,email,78.28,"hello where is my order, it said it would arrive 51 minutes ago can i get a refund",late_delivery
T101441,2025-09-23 07:41:29,app_form,111.29,"Hi, still waiting on my food, the eta keeps moving fix this asap",late_delivery
T101442,2025-08-04 23:43:09,chat,75.71,ugh order is 32 minutes late and still not here,late_delivery
T101443,2025-08-14 20:45:29,chat,86.22,only got 1 of the 6 items i paid for second time this week,missing_item
T101445,2025-09-04 20:15:59,chat,118.09,"Hey support, received salad instead of the burrito can i get a refund",wrong_order
T101446,2025-08-06 14:33:19,chat,115.67,"wrong items, nothing matches my receipt. also the dasher was really rude to me at the door",wrong_order
T101449,2025-09-07 10:45:17,chat,104.96,ORDER #888657: MY ORDER CAME WITHOUT THE GARLIC BREAD THAKNS,missing_item
T101450,2025-08-29 16:11:03,chat,104.2,"hi, completely wrong order delivered to me. also order is 51 minutes late and still not here fix this asap",wrong_order
T101451,2025-09-07 01:01:57,chat,87.15,order #511265: they forgot my gralic bread again. also completely wrong order delivered to me this is ridiculous,missing_item
T101452,2025-09-16 08:47:44,email,87.26,"restaurant left out the second pizza, want the money back for it second time this week",missing_item
T101453,2025-09-07 12:30:12,app_form,105.2,"hey support, the dumplings was not in the bag can i get a refund",missing_item
T101454,2025-08-28 07:39:07,email,76.35,"Urgent: dasher ate some of my chicken sandwich, the box was opened. also food finally showed up cold after over an hour fix this asap",dasher_feedback
T101455,2025-08-16 01:27:29,email,90.89,Card got declined but the money still left my account this is ridciulous,payment_issue
T101456,2025-09-05 07:45:37,chat,37.9,i ordered the chicken sandwich but they sent milkshake thanks,wrong_order
T101458,2025-08-30 00:16:38,chat,111.22,"hey support, logged out and now it will not let me sign back in",account_access
T101459,2025-08-19 11:38:05,chat,76.25,"Hey support, wrong items, nothing matches my recepit",wrong_order
T101460,2025-09-02 12:55:20,app_form,94.52,hello i was charged twice for the same order second time this week,payment_issue
T101461,2025-08-22 14:52:56,chat,61.87,ugh bag was sealed but the drink was missing very disappointed,missing_item
T101462,2025-08-01 20:11:13,chat,81.04,order #751172: the bag had a different name on it second time this week,wrong_order
T101463,2025-08-31 20:36:10,email,101.33,THE DELIVERY PEROSN MARKED IT DELIVERED BUT NEVER CAME. ALSO THE DELIVERY PERSON MARKED IT DELVIERED BUT NEVER CAME PLEASE HELP,dasher_feedback
T101467,2025-08-22 20:41:46,chat,31.9,"hi, the garlic bread was not in the bag",missing_item
T101468,2025-09-16 12:54:18,email,35.34,HLELO THE DASHER WAS REALLY RUDE TO ME AT THE DOOR,dasher_feedback
T101469,2025-09-03 12:35:19,app_form,20.4,"HEY SUPPORT, CARD GOT DECLINED BUT THE MONEY STILL LEFT MY ACCOUNT THIS IS RIDICULOUS",payment_issue
T101470,2025-09-08 01:21:34,app_form,35.87,hello dasher left my food at the wrong buildnig this is ridiculous,dasher_feedback
T101471,2025-08-30 13:55:56,email,27.46,order #711951: bag was sealed but the dumlpings was missnig very disappointed,payment_issue
T101472,2025-09-27 19:08:12,email,54.05,Order #668678: logged out and now it will not let me sign back in. also my account got locked after i changed my phone number can i get a refund,account_access
T101474,2025-09-06 00:31:12,chat,91.59,"hello food finally showed up cold after over an hour. also wrong items, nothing matches my receipt very disappointed",late_delivery
T101475,2025-08-11 08:26:41,chat,79.84,"HEY SUPPORT, ONLY GOT 2 OF THE 4 ITEMS I PAID FOR",missing_item
T101476,2025-08-19 03:59:19,chat,107.32,order #164724: estimated arrival went from 55 to 75 minutes this is ridiculous,late_delivery
T101478,2025-09-02 21:46:49,email,72.32,hello order is 29 minutes late and still not here,late_delivery
T101479,2025-08-20 08:30:19,chat,12.63,"Hi, logged out and now it will not let me sign back in",account_access
T101480,2025-08-14 12:07:32,app_form,28.99,hello charged $67 but the app showed a lower total thanks,payment_issue
T101481,2025-09-06 15:16:08,email,43.15,"hey support, they forgot my salad again please help",missing_item
T101485,2025-08-09 23:01:43,app_form,66.22,"hi, bag was sealed but the pad thai was missing very disappointed",missing_item
T101487,2025-08-17 18:12:05,app_form,102.58,"Hey support, promo code did not apply at checkout this is ridiculous",payment_issue
T101488,2025-09-06 01:59:00,chat,49.85,ugh estimated arrival went from 20 to 75 minutes,late_delivery
T101489,2025-08-30 14:19:54,email,72.57,Ugh dasher has not moved on the map for 40 minutes,late_delivery
T101490,2025-08-08 12:00:40,app_form,31.1,"hi, the chicken sandwich was not in the bag please help",missing_item
T101491,2025-09-01 18:14:04,chat,89.99,"hey spuport, only got 1 of the 4 items i paid for",missing_item
T101492,2025-09-24 09:01:37,email,51.15,Dasher has not moved on the map for 32 minutes can i get a refund,late_delivery
T101494,2025-09-15 09:53:02,chat,66.13,"Hi, my order came without the chicken sandwich can i get a refund",missing_item
T101495,2025-08-20 23:30:49,app_form,22.63,food finally showed up cold after over an hour can i get a refund,late_delivery
T101496,2025-09-03 23:49:13,email,22.17,hello promo code did not apply at checkout,payment_issue
T101497,2025-09-03 16:53:41,chat,105.59,ugh the sauce was not in the bag. also the bag had a different name on it can i get a refund,missing_item
T101498,2025-08-11 07:25:01,chat,12.46,dasher left my food at the wrong building thanks,dasher_feedback
T101499,2025-08-29 11:51:19,app_form,47.44,"dasher ate some of my second pizza, the box was opened this is ridiculous",dasher_feedback
T101500,2025-09-08 08:31:18,chat,59.32,hello my tip was taken twice can i get a refund,payment_issue
T101501,2025-08-03 02:40:45,chat,82.33,"hi, charged $28 but the app sohwed a lower total second time this week",payment_issue
T101502,2025-08-08 05:02:49,app_form,12.45,"HI, ORDER IS 31 MINUTES LATE AND STILL NOT HERE FIX THIS ASAP",late_delivery
T101503,2025-09-04 22:22:12,email,86.32,I ordered the salad but they sent pad thai fix this asap,wrong_order
T101505,2025-08-21 01:19:40,chat,60.67,ORDER #482318: DASHER HAS NOT MOVED ON THE MAP FOR 33 MINUTES FIX THIS ASAP,late_delivery
T101508,2025-09-27 14:19:15,chat,21.01,"hey supoprt, estimated arrival went from 37 to 60 minutes",late_delivery
T101509,2025-09-28 23:27:47,app_form,102.06,hello the bag had a different name on it thanks,wrong_order
T101511,2025-08-29 00:10:06,chat,62.84,Order #679035: order is 43 minutes late and still not here secnod time this week,late_delivery
T101513,2025-09-14 14:32:40,email,44.08,"HI, THE DUMPLINGS WAS NOT IN THE BAG THANKS",missing_item
T101515,2025-08-09 05:39:42,chat,24.27,"hi, restaurant left out the drink, want the money back for it very disappointed",missing_item
T101516,2025-09-25 09:17:22,chat,34.19,No dirnk in my delivery can i get a refund,missing_item
T101517,2025-08-19 08:05:03,email,31.53,order #870429: order is 29 minutes late and still not here. also i was charged twice for the same order,late_delivery
T101518,2025-09-08 21:51:59,chat,10.49,"Wrong itmes, nothing matches my receipt this is ridiculous",wrong_order
T101519,2025-08-31 12:29:50,email,108.78,"hello still waiting on my food, the eta keeps moving thanks",late_delivery
T101520,2025-08-14 13:45:43,chat,68.08,hello cant log in to my account. also password reset email never arrives,wrong_order
T101521,2025-09-01 07:33:02,chat,36.6,"hey support, charged $35 but the app showed a lower total. also completely wrong odrer delviered to me fix this asap",payment_issue
T101522,2025-09-13 04:17:10,app_form,19.83,Ugh food finally showed up cold after over an hour,late_delivery
T101523,2025-09-21 09:20:11,chat,110.62,only got 1 of the 6 items i paid for very disappointed,missing_item
T101525,2025-08-19 06:44:36,chat,73.12,"hi, where is my order, it said it would arrive 40 minutes ago this is ridiculous",late_delivery
T101527,2025-09-18 00:28:45,chat,93.69,dasher has not moved on the map for 27 minutes this is ridiculous,late_delivery
T101528,2025-08-03 04:53:59,email,41.24,"hey support, dasehr has not moved on the map for 50 minutes. also dasher has not mvoed on the map for 36 minutes this is ridiculous",late_delivery
T101529,2025-08-19 20:47:02,email,79.57,"HEY SUPPORT, ORDER IS 52 MINUTES LATE AND STILL NOT HERE. ALSO NO DUMPILNGS IN MY DELIVERY",late_delivery
T101530,2025-08-23 03:51:33,chat,90.1,"hi, the dasher was really rude to me at the door",dasher_feedback
T101532,2025-08-04 01:33:40,chat,35.97,dasher has not moved on the map for 34 minutes,late_delivery
T101533,2025-09-29 19:43:02,app_form,71.75,ugh the bag had a different name on it. also my oredr came without the chicken sandwich fix this asap,wrong_order
T101534,2025-09-25 15:38:39,chat,91.38,they forgot my drink again very disappointed,missing_item
T101535,2025-08-12 18:04:01,chat,112.14,ugh completely wrong order delivered to me,wrong_order
T101536,2025-09-20 04:39:51,chat,62.66,"hey support, still waiting on my food, the eta keeps moving second time this week",late_delivery
T101537,2025-08-05 01:35:34,chat,54.51,i ordered the garlic bread but they sent second pizza thanks,wrong_order
T101540,2025-08-24 11:53:56,chat,19.14,ugh the chicken sandwich was not in the bag this is ridiculous,missing_item
T101541,2025-08-21 21:23:26,app_form,17.03,ugh i was charged twice for the same order very disappointed,payment_issue
T101542,2025-08-31 18:22:33,chat,14.53,urgent: bag was sealed but the pad thai was missing please help,missing_item
T101543,2025-09-14 05:25:05,chat,62.85,"still waiting on my food, the eta keeps moving",late_delivery
T101544,2025-09-02 21:46:32,app_form,30,hello the bag had a different name on it. also cant log in to my account can i get a refund,wrong_order
T101546,2025-09-29 06:31:51,chat,77.11,Hello they forgot my burrito again this is ridiculous,missing_item
T101547,2025-08-01 03:53:25,chat,97.33,"hi, completely wrong order delivered to me very disappointed",wrong_order
T101548,2025-09-29 00:36:34,chat,71.56,the verifictaion code is not working. also food finally showed up cold after over an hour second time this week,account_access
T101549,2025-08-31 21:31:19,app_form,12.66,the dasher was really rude to me at the door thanks,dasher_feedback
T101551,2025-08-21 15:59:18,chat,76.37,bag was sealed but the second pizza was missing,missing_item
T101552,2025-09-06 08:11:00,app_form,12.69,card got declined but the money still left my account. also logged out and now it will not let me sign back in please help,payment_issue
T101553,2025-09-17 13:06:45,chat,82.24,Urgent: the dasher was really rude to me at the door,dasher_feedback
T101555,2025-08-14 22:21:09,chat,57.7,"hello where is my order, it said it would arrive 22 minutes ago please help",late_delivery
T101556,2025-09-09 16:58:28,chat,91.52,Order #666300: dasher has not moved on the map for 45 minutes very disappointed,late_delivery
T101558,2025-08-02 23:24:25,chat,115.21,"hi, still waiting on my food, the eta keeps moving very disappointed",late_delivery
T101560,2025-08-27 21:45:20,chat,111.88,"ugh wrong items, nothing matches my receipt please help",wrong_order
T101561,2025-09-10 02:19:55,chat,18.31,"hey suppotr, password reset email never arrives fix this asap",account_access
T101562,2025-08-26 16:52:53,chat,98.76,ugh dasher has not moved on the map for 25 minutes very disappointed,late_delivery
T101567,2025-08-25 22:11:12,chat,111.42,charged $56 but the app showed a lower total thanks,payment_issue
T101568,2025-09-16 18:10:11,chat,21.57,Urgent: i was charged twice for the same order,payment_issue
T101569,2025-08-09 03:16:13,email,14.97,ORDER #537559: IT KEEPS SAYING MY EMAIL IS NOT REGISTERED,account_access
T101572,2025-08-17 09:51:52,chat,68.07,"hey supprot, refnud was approved 8 days ago but never hit my card",payment_issue
T101575,2025-09-10 12:41:46,email,62.05,"Hi, my order came without the dirnk. also cant log in to my account",missing_item
T101576,2025-08-10 14:26:14,chat,63.55,"wrong items, nothing matches my receipt",wrong_order
T101577,2025-09-23 03:21:52,app_form,81.4,Urgent: bag was sealed but the pad thai was missing second time this week,missing_item
T101578,2025-09-05 14:53:54,app_form,68.68,"Ugh still waiting on my food, the eta keeps moving fix this asap",late_delivery
T101580,2025-09-21 17:28:06,chat,69.89,order #160721: my order came without the side of rice thanks,missing_item
T101581,2025-09-02 16:40:23,email,72.28,"hi, they forgot my drink again",missing_item
T101582,2025-08-26 07:56:11,chat,44.94,"ugh where is my order, it said it would arrive 38 minutes ago",late_delivery
T101583,2025-08-12 11:39:49,chat,52.06,"order #841929: where is my order, it said it would arrive 24 minutes ago second time this week",late_delivery
T101584,2025-09-02 08:01:25,chat,53.37,"hello dasher ate some of my pad thai, the box was opened thanks",dasher_feedback
T101585,2025-09-08 16:25:48,chat,64.53,refund was approved 9 days ago but neevr hit my card please help,payment_issue
T101586,2025-08-01 22:36:42,chat,35.47,ugh they forgot my side of rice again please help,missing_item
T101587,2025-08-25 00:58:56,chat,41.57,Hello no sacue in my delivery thanks,missing_item
T101588,2025-08-25 22:04:55,app_form,111.43,"this is not my order, i got someone elses food",wrong_order
T101589,2025-09-20 12:38:50,chat,74.73,"HEY SUPPORT, DASHER HAS NOT MOVED ON THE MAP FOR 47 MINUTES PLEASE HELP",late_delivery
T101593,2025-09-06 03:06:40,chat,116.04,ugh my account got locked after i changed my phone number please help,account_access
T101594,2025-08-19 01:10:55,chat,91.62,food finally showed up cold after over an hour can i get a refund,late_delivery
T101595,2025-09-20 16:40:19,chat,34.94,Order #510608: logged out and now it will not let me sign back in,account_access
T101596,2025-08-03 08:00:06,email,24.91,"Hey support, dasher has not moved on the map for 46 minutes please help",late_delivery
T101597,2025-08-26 00:23:08,email,63.47,"Hi, still waiting on my food, the eta keeps moving very disappointed",late_delivery
T101598,2025-09-04 10:40:36,app_form,25.89,"Hi, this is not my order, i got someone elses food second time this week",wrong_order
T101599,2025-08-28 21:42:52,chat,85.66,urgent: charged $47 but the app showed a lower total thanks,payment_issue
T101600,2025-08-14 23:16:00,chat,19.81,Hello my tip was taken twice,payment_issue
T101601,2025-08-03 11:27:47,app_form,111.55,"hi, the garlic bread was not in the bag thanks",missing_item
T101602,2025-08-06 20:56:21,app_form,80.35,dasher has not moved on the map for 41 minutes fix this asap,late_delivery
T101603,2025-09-09 02:02:41,email,76.68,"ugh where is my order, it said it would arrive 27 minutes ago can i get a rfeund",late_delivery
T101604,2025-09-17 21:21:57,chat,105.31,hello estimated arrival went from 34 to 72 minutes thanks,late_delivery
T101605,2025-09-02 04:02:43,email,64.38,oredr #411024: the dasher was really rude to me at the door,dasher_feedback
T101608,2025-08-21 03:17:48,chat,100.12,hello logged out and now it will not let me sign back in second time this week,account_access
T101609,2025-08-05 03:09:50,email,52.77,"hi, card got declined but the money still left my account",payment_issue
T101610,2025-09-17 18:10:13,chat,55.71,estimated arrival went from 26 to 83 minutes,late_delivery
T101612,2025-08-01 13:19:55,app_form,13.26,the bag had a different name on it this is ridiculous,wrong_order
T101613,2025-08-04 01:46:08,chat,114.16,"Hi, bag was sealed but the pad thai was missing this is ridiculous",missing_item
T101616,2025-09-04 22:18:03,chat,44.69,food finally showed up cold afetr over an hour. also password reset email never arrives,late_delivery
T101620,2025-09-22 08:00:02,email,96.06,"hello dasher ate some of my salad, the box was opened please help",dasher_feedback
T101622,2025-08-05 09:21:24,app_form,83.71,order #331454: received salad instead of the chicken sandwich please help,wrong_order
T101623,2025-09-12 17:28:10,email,21.92,Hello the verifiaction code is not working fix this asap,account_access
T101625,2025-08-15 21:22:42,email,79.73,"hi, the verification code is not working",account_access
T101627,2025-08-25 14:24:44,email,31.93,urgent: bag was sealed but the burrito was missing,missing_item
T101628,2025-08-10 21:00:30,email,79.12,Dasher left my food at the wrong building thanks,dasher_feedback
T101629,2025-09-21 22:25:02,email,62.17,"hey support, restaurant left out the drink, want the money back for it",missing_item
T101630,2025-09-23 01:12:11,email,69.93,"hey support, where is my order, it said it would arrive 53 minutes ago please help",late_delivery
T101632,2025-09-07 05:16:00,email,103.57,order #147170: it keeps saying my email is not registered please help,account_access
T101633,2025-09-06 09:25:01,chat,35.33,urgent: food finally showed up cold after over an hour,late_delivery
T101635,2025-09-19 22:37:55,email,103.3,Ugh no milkshake in my delivery this is ridiculous,missing_item
T101636,2025-09-02 11:11:36,app_form,23.3,ugh estimated arrival went from 27 to 87 minutes,late_delivery
T101637,2025-08-23 00:51:25,app_form,59.27,Charged $41 but the app showed a lower total second time this week,payment_issue
T101639,2025-09-07 23:45:20,app_form,50.42,"order #829987: this is not my order, i got someone elses food",wrong_order
T101640,2025-09-03 20:00:07,chat,49.02,hello the chicken sandwich was not in the bag,missing_item
T101641,2025-08-24 01:00:41,chat,26.1,UGH DRIVER INGORED THE DROP OFF INSTRUCTIONS,dasher_feedback
T101642,2025-08-29 23:11:30,chat,18.35,ugh order is 31 minutes late and still not here second time this week,late_delivery
T101643,2025-09-21 11:10:10,email,88.64,"hello received pad thai insetad of the dumplings. also restaurant left out the salad, want the money back for it",wrong_order
T101644,2025-08-30 21:25:48,app_form,37.6,it keeps saying my email is not registered can i get a refund,account_access
T101645,2025-09-12 13:38:05,chat,83.42,order #673463: the delivery person marked it delivered but never came. also my tip was taken twice thanks,dasher_feedback
T101647,2025-09-15 10:23:59,chat,18.53,the chicken sandwich was not in the bag,missing_item
T101651,2025-09-27 20:34:44,email,91.77,card got declined but the money still left my account,payment_issue
T101652,2025-08-26 07:10:15,chat,17.53,"hi, the dasher was really rude to me at the door",dasher_feedback
T101653,2025-08-15 14:38:32,app_form,18.83,"hey support, no drink in my delivery please help",missing_item
T101654,2025-09-13 13:40:34,email,60.42,order #195489: dasher left my food at the wrong builidng very disapopinted,dasher_feedback
T101655,2025-09-24 22:52:21,chat,112.49,"Hey support, dasher has not moved on the map for 41 minutes please help",late_delivery
T101656,2025-09-03 00:10:28,app_form,40.07,"hi, still waiitng on my food, the eta keeps moving this is ridiculous",dasher_feedback
T101658,2025-08-20 03:59:47,chat,114.64,"hi, received milkshake instead of the salad fix this asap",wrong_order
T101659,2025-09-10 08:40:01,chat,72.42,"hi, rfeund was approved 3 days ago but never hit my card this is ridiculous",payment_issue
T101661,2025-08-18 06:21:29,app_form,24.22,"hey support, refund was approved 6 days ago but never hit my card",payment_issue
T101662,2025-09-16 22:27:30,chat,38.75,"Urgent: where is my order, it said it would arrive 48 minutes ago thanks",late_delivery
T101663,2025-08-29 04:09:10,chat,39.91,order #764847: dasher has not moved on the map for 22 miuntes. also i ordered the garlic bread but they sent salad please help,late_delivery
T101667,2025-08-27 08:22:34,chat,45.54,Dasher has not moved on the map for 33 minutes please help,late_delivery
T101669,2025-09-14 01:46:07,chat,32.45,THE DASEHR WAS REALLY RUDE TO ME AT THE DOOR. ALSO CARD GOT DECLINED BUT THE MONEY STILL LEFT MY ACCOUNT CAN I GET A REFUND,dasher_feedback
T101670,2025-08-16 07:35:42,chat,73.54,urgent: dasher asked me to cancel the order,dasher_feedback
T101672,2025-09-17 21:35:20,app_form,82.3,URGENT: CANT LOG IN TO MY ACCOUNT. ALSO DRIVER IGNORED THE DROP OFF INSTRUCTIONS THANKS,account_access
T101673,2025-08-07 10:05:03,app_form,84.17,ugh order is 33 minutes late and still not here fix this asap,late_delivery
T101674,2025-08-14 05:36:30,chat,99.83,promo code did not apply at chekcout please help,payment_issue
T101675,2025-08-16 10:25:10,email,66.48,refund was approved 9 days ago but never hit my card. also i was charged twice for the same order,payment_issue
T101677,2025-09-11 17:48:02,chat,84,hello dasher has not moved on the map for 53 minutes,late_delivery
T101679,2025-08-17 03:24:42,app_form,73.09,ODRER #688218: CARD GOT DECLINED BUT THE MONEY STILL LEFT MY ACCOUNT VERY DISAPPOINTED,payment_issue
T101680,2025-08-10 21:30:39,email,115.34,ugh odrer is 32 minutes late and still not here second time this week,late_delivery
T101682,2025-09-23 18:55:52,chat,15.76,card got declined but the money still left my account,payment_issue
T101686,2025-09-14 08:46:54,app_form,118.2,ugh the delivery person marked it delivered but never came. also food finally showed up cold after over an hour thanks,dasher_feedback
T101687,2025-08-01 20:15:39,email,19.77,the second pizza was not in the bag please help,missing_item
T101688,2025-08-29 16:49:15,email,66.13,"hey support, password rseet email never arrives please help",account_access
T101689,2025-08-17 03:02:30,app_form,28.41,"Still waiting on my food, the eta keeps moving fix this asap",late_delivery
T101690,2025-09-08 06:10:58,app_form,18.92,hello bag was sealed but the burrito was missing,missing_item
T101693,2025-09-13 15:43:59,email,80.3,my order came without the dumplings,missing_item
T101694,2025-09-24 09:38:33,email,19.42,Urgent: order is 43 minutes late and still not here thanks,late_delivery
T101695,2025-08-13 05:14:35,email,119.86,card got declined but the money still left my acocunt,payment_issue
T101696,2025-09-27 14:27:38,email,51.92,Ugh order is 27 minutes late and still not here,late_delivery
T101697,2025-08-07 18:51:46,chat,38.95,Ugh estimated arrival went from 30 to 67 minutes fix this asap,late_delivery
T101698,2025-09-23 11:08:17,app_form,92.95,URGENT: I WAS CHARGED TWICE FOR THE SAME ORDER CAN I GET A REFUND,payment_issue
T101699,2025-08-08 15:19:41,app_form,27.61,"hey support, i ordered the second pizza but they sent salad second time this week",wrong_order
T101700,2025-08-26 14:42:57,chat,10.06,password reset email never arrives,account_access
T101701,2025-09-14 05:52:52,email,44.98,"hi, my account got locked after i changed my phone number",account_access
T101702,2025-09-29 01:40:22,email,49.41,"hi, they forgot my sauce again thanks",missing_item
T101703,2025-09-21 15:24:15,chat,49.82,estimated arrival went from 30 to 92 minutes this is ridiculous,late_delivery
T101704,2025-09-23 23:37:51,email,56.4,UGH I WAS CHARGED TWICE FOR THE SAME ORDER THANKS,payment_issue
T101706,2025-09-08 17:19:08,app_form,32.24,they forgot my burrito again this is ridiculous,missing_item
T101707,2025-08-22 02:35:28,chat,44.29,order #249832: food finally showed up cold atfer over an hour,late_delivery
T101709,2025-09-12 05:57:27,chat,22.79,"Hey support, order is 55 minutes late and still not here very disappointed",late_delivery
T101710,2025-08-23 07:24:17,chat,68.88,UGH MY TIP WAS TAKEN TWICE. ALSO BAG WAS SEALED BUT THE SALAD WAS MISSING VERY DISAPPOINTED,payment_issue
T101711,2025-09-03 21:28:10,email,66.77,urgent: food finally showed up cold after over an hour this is ridiculous,late_delivery
T101712,2025-09-22 05:47:44,email,96.38,estimated arrvial went from 50 to 88 minutes very disappointed,late_delivery
T101713,2025-09-05 02:29:30,chat,106.09,hello dasher left my food at the wrong building. also card got declined but the money still left my account very disappointed,dasher_feedback
T101714,2025-08-07 10:30:29,chat,112.91,"hey support, my account got locked after i changed my phone number",account_access
T101715,2025-09-19 09:36:36,app_form,73.8,urgent: it keeps saying my email is not registered please help,account_access
T101718,2025-08-28 22:28:40,app_form,45.98,"HI, REFUND WAS APPROVED 12 DAYS AGO BUT NEVER HIT MY CARD SECOND TIME THIS WEEK",payment_issue
T101720,2025-09-28 20:55:47,email,94.49,refund was approved 8 days ago but never hit my card,payment_issue
T101723,2025-09-18 03:27:30,chat,117.72,"hi, still waiting on my food, the eta keeps moving can i get a refund",late_delivery
T101724,2025-09-07 13:20:23,chat,106.84,"urgent: restaurant left out the burrito, want the money back for it. also password reset email never arrives this is ridiculous",missing_item
T101725,2025-09-03 20:46:11,email,17.52,urgent: the dasher was really rude to me at the door fix this asap,dasher_feedback
T101726,2025-08-02 10:52:22,chat,81.72,"Hello wrong items, nothing matches my receipt thanks",wrong_order
T101729,2025-08-01 21:22:59,app_form,9.81,ugh i ordered the side of rice but they sent fries this is ridiculous,wrong_order
T101730,2025-08-06 11:07:38,chat,16.38,Urgent: password reset eamil never arrives second time this week,account_access
T101731,2025-08-13 09:58:23,chat,43.49,"Hi, restaurant left out the chicken sandwich, want the money back for it fix this asap",missing_item
T101733,2025-08-14 13:27:38,app_form,97.15,"HI, CANT LOG IN TO MY ACOCUNT THANKS",account_access
T101734,2025-09-07 19:11:15,chat,64.1,urgent: dasher has not moved on the map for 50 mniutes this is ridiculous,late_delivery
T101735,2025-09-10 00:28:35,chat,105.28,hello my tip was taken twice this is ridiculous,payment_issue
T101737,2025-09-23 01:46:36,app_form,84.29,ugh the verification code is not working,account_access
T101738,2025-08-06 06:27:24,chat,14.55,oredr #187592: it keeps saying my email is not registered fix this asap,account_access
T101739,2025-08-25 20:56:23,chat,46.07,estimated arrival went from 31 to 93 minutes fix this asap,late_delivery
T101740,2025-09-24 17:43:17,chat,119.32,URGETN: DASHER LEFT MY FOOD AT THE WRONG BUILDING THIS IS RIDICULOUS,dasher_feedback
T101741,2025-09-29 10:43:26,chat,76.35,hello my account got locked after i changed my phone number. also dasher asked me to cancel the oredr this is ridiculous,account_access
T101745,2025-09-09 21:37:30,chat,82.01,no fries in my delivery very disappointed,missing_item
T101747,2025-09-22 08:45:45,email,59.95,ESTIMATED ARRIVAL WENT FROM 47 TO 86 MINUTES CAN I GET A REFUND,late_delivery
T101748,2025-09-10 12:55:58,chat,52.27,"dasher has not moved on the map for 31 minutes. also this is not my ordre, i got someone elses food thanks",late_delivery
T101749,2025-09-29 13:31:29,app_form,106.36,"hi, i was cahrged twice for the same order",payment_issue
T101750,2025-09-27 10:36:53,chat,107.42,"hi, refund was approved 6 days ago but never hit my card can i get a refund",payment_issue
T101751,2025-09-17 22:20:18,chat,101.13,"HEY SUPPORT, THE DASHER WAS REALLY RUDE TO ME AT THE DOOR",dasher_feedback
T101752,2025-08-12 21:51:33,chat,100.84,"Hello where is my order, it said it would arrive 33 minutes ago can i get a refund",late_delivery
T101753,2025-08-06 10:59:07,email,13.43,Food finally showed up cold after over an hour very disappointed,late_delivery
T101754,2025-09-15 09:46:06,chat,62.32,OREDR #942552: THE CHICKEN SANDWICH WAS NOT IN THE BAG FIX THIS ASAP,missing_item
T101755,2025-09-03 07:41:38,chat,117.71,order #075919: received pad thai instead of the sauce tahnks,wrong_order
T101759,2025-08-09 22:41:55,chat,49.22,"urgent: the delivery person marked it delivered but never came. also wrong items, nothing matches my receipt this is ridiculous",dasher_feedback
T101760,2025-09-18 10:04:25,chat,28.22,"hello where is my order, it said it would arrive 54 minuets ago can i get a refund",late_delivery
T101762,2025-09-05 10:41:24,email,118.04,"Hey support, cant log in to my account please help",account_access
T101763,2025-08-29 19:59:57,chat,92.96,hello bag was sealed but the salad was missing please help,missing_item
T101764,2025-08-10 02:52:01,app_form,72.83,The verification code is not working this is ridiculous,account_access
T101765,2025-09-17 08:35:39,chat,111.38,"hey support, still waiting on my food, the eta keeps moving. also completely wrong order delivered to me",late_delivery
T101767,2025-08-14 00:32:23,chat,84.01,ugh i was charged twice for the same order thanks,payment_issue
T101770,2025-08-11 07:30:57,chat,14.13,"hey support, they forogt my sauce again fix this asap",missing_item
T101771,2025-09-01 03:48:28,chat,74.05,logegd out and now it will not let me sign back in this is ridiculous,account_access
T101773,2025-08-20 18:04:39,chat,41.44,"ugh where is my order, it said it would arrive 43 minutes ago can i get a refund",late_delivery
T101774,2025-09-26 22:15:55,email,22.99,order #787300: estimated arrival went from 53 to 93 minutes very disappointed,late_delivery
T101775,2025-08-19 10:29:30,email,58.1,hello i ordered the chicken sandwich but they sent second pizza please help,wrong_order
T101776,2025-09-11 01:31:27,email,113.73,urgent: food finlaly showed up cold after over an hour,late_delivery
T101777,2025-08-25 07:05:05,email,95.02,My order came without the side of rice,missing_item
T101778,2025-08-12 15:51:32,app_form,96.21,order #705281: i was cahrged twice for the same order,payment_issue
T101779,2025-08-06 03:20:58,chat,95.95,"Hey support, wrong items, nothing matches my receipt",wrong_order
T101780,2025-09-26 22:18:12,app_form,61.95,hello charged $64 but the app showed a lower total,payment_issue
T101781,2025-09-25 03:38:05,chat,69.37,"still waiting on my food, the eta keeps moving",late_delivery
T101784,2025-09-19 11:44:12,email,98.35,Ugh refund was apprvoed 5 days ago but never hit my card very disappointed,payment_issue
T101785,2025-09-10 18:05:08,email,15.25,Dasher has not moved on the map for 40 minutes second time this week,late_delivery
T101787,2025-09-14 02:00:53,chat,29.96,"Order #434273: still waiting on my food, the eta keeps moving can i get a refund",late_delivery
T101788,2025-08-02 16:16:24,email,51.61,"urgent: still waiting on my food, the eta keeps moving fix this asap",late_delivery
T101789,2025-09-15 02:15:26,chat,27.12,order #453547: logged out and now it will not let me sign back in very disappointed,account_access
T101791,2025-08-24 17:44:41,email,97.63,order #906779: dasher has not mvoed on the map for 49 minutes. also logged out and now it will not let me sign back in this is ridiculous,late_delivery
T101793,2025-09-23 11:49:45,app_form,87.27,"HEY SUPPORT, DASHER LEFT MY FOOD AT THE WRONG BUILDING. ALSO ESTIMATED ARRIVAL WENT FROM 51 TO 82 MINUTES PELASE HELP",dasher_feedback
T101796,2025-08-18 08:52:17,chat,66.58,UGH ESTIMATED ARRIVAL WENT FROM 32 TO 67 MINUTES VERY DISAPPOINTED,payment_issue
T101798,2025-09-24 15:58:36,chat,43.22,"ugh dasher ate some of my burrito, the box was opened second time this week",dasher_feedback
T101799,2025-08-29 19:45:26,app_form,9.75,it keeps saying my email is not registered thanks,account_access
T101800,2025-08-16 07:41:37,app_form,108.28,"Hi, driver ignored the drop off instructions fix this asap",dasher_feedback
T101801,2025-08-22 12:06:44,chat,91.71,only got 2 of the 4 items i paid for. also the dasher was really rude to me at the door,missing_item
T101803,2025-08-27 15:17:51,app_form,55.98,order #480184: my order came without the burrito fix this asap,missing_item
T101804,2025-08-25 06:50:29,chat,30.62,urgent: order is 52 minutes late and still not here,late_delivery
T101805,2025-09-14 17:34:20,chat,66.55,Ugh my order came without the salad second time this week,missing_item
T101806,2025-09-13 07:15:05,app_form,15.62,my account got locked after i changed my phone numebr,account_access
T101807,2025-09-24 00:57:07,chat,98.77,"Hi, the dasher was really rude to me at the door. also dasher left my food at the wrong building can i get a refund",dasher_feedback
T101810,2025-09-18 10:57:14,chat,95.52,Hello the verification code is not working very disappointed,account_access
T101812,2025-09-24 23:10:21,chat,101.35,"hey support, dasher has not moved on the map for 33 minutes fix this asap",late_delivery
T101813,2025-08-27 01:30:52,chat,11.44,i was charged twice for the same order thanks,payment_issue
T101815,2025-09-29 05:32:52,email,104.7,order #242636: dasher left my food at the wrong building fix this asap,dasher_feedback
T101816,2025-09-04 07:43:38,email,10.37,"Order #831546: where is my order, it said it would arrive 32 minutes ago. also order is 46 minutes late and still not here",late_delivery
T101817,2025-08-31 05:44:39,app_form,105.83,"hi, dahser left my food at the wrong building very disappointed",dasher_feedback
T101818,2025-08-08 00:15:38,app_form,119.23,"Hi, order is 46 minutes late and still not here. also the dumplings was not in the bag can i get a refund",late_delivery
T101819,2025-09-05 18:56:29,email,37.04,"Hey support, food finally showed up cold after over an hour. also they forogt my salad again this is ridiculous",late_delivery
T101820,2025-08-21 13:25:33,email,37.92,"Ugh still waiting on my food, the eta keeps moving can i get a refund",late_delivery
T101821,2025-08-14 13:03:59,chat,115.93,order #640916: it keeps saying my email is not registered can i get a refund,account_access
T101823,2025-08-03 15:38:56,email,43.15,"hi, no second pizza in my delivery. also where is my order, it said it would arrive 31 minutes ago very disappointed",dasher_feedback
T101824,2025-08-12 01:33:13,chat,96.14,urgent: dasher has not moved on the map for 45 minutes can i get a refund,late_delivery
T101826,2025-09-13 23:42:50,chat,37.01,urgent: dasher left my food at the wrong building,dasher_feedback
T101827,2025-08-21 19:07:03,app_form,51.89,refund was approved 3 days ago but never hit my card. also the verifciation code is not working please help,payment_issue
T101828,2025-08-08 18:53:43,app_form,57.57,"hi, completely wrong odrer delivered to me. also the delivery person marked it delivered but never came this is ridiculous",wrong_order
T101829,2025-08-01 22:41:57,email,118.46,Order #751512: bag was sealed but the chicekn sandwich was missing,missing_item
T101830,2025-08-18 11:04:40,email,21.39,order is 52 minutes late and still not here can i get a refund,late_delivery
T101833,2025-08-05 18:58:21,app_form,102.54,Hello driver ignored the drop off instructions,dasher_feedback
T101835,2025-09-17 23:46:55,email,65.63,urgent: charged $85 but the app showed a lwoer toatl fix this asap,payment_issue
T101838,2025-09-05 07:46:02,chat,88.16,DASHER ASKED ME TO CANCEL THE ORDER FIX THIS ASAP,dasher_feedback
T101839,2025-08-27 09:57:41,chat,79.49,ugh i ordered the chicken sandwcih but they sent dumplings please help,wrong_order
T101842,2025-08-08 19:59:02,chat,87.63,It keeps saying my emial is not registered fix this asap,account_access
T101843,2025-09-20 22:27:22,chat,24.9,"Order #387701: still waiting on my food, the eta keeps moving fix this asap",late_delivery
T101846,2025-09-13 18:42:27,chat,22.37,Order #384873: the dasher was really rude to me at the door fix this asap,dasher_feedback
T101847,2025-09-12 18:38:21,chat,102.86,"hello restaurant left out the second pizza, want the money back for it",missing_item
T101848,2025-09-25 11:07:12,email,10.3,order #973164: they forgot my salad again can i get a refund,missing_item
T101849,2025-09-06 14:43:56,chat,100.78,"hello estimated arrival went from 51 to 91 minutes. also this is not my order, i got someone elses food",late_delivery
T101851,2025-09-27 13:51:57,app_form,30.7,"HI, FOOD FINALLY SHOWED UP COLD AFTER OVER AN HOUR THANKS",late_delivery
T101852,2025-08-15 05:08:54,chat,81.34,hello the garlic bread was not in the bag thanks,missing_item
T101855,2025-08-20 02:33:12,chat,40.01,"hey support, my tip was taken twice second time this week",payment_issue
T101856,2025-09-14 00:34:22,email,110.31,Urgent: order is 38 minutes late and sitll not here please help,late_delivery
T101858,2025-09-08 13:23:05,email,119.32,refund was approved 3 days ago but never hit my card please help,payment_issue
T101859,2025-08-21 04:25:25,chat,86.35,Ugh estimated arrival went from 51 to 93 minutes this is ridiculous,late_delivery
T101861,2025-09-04 09:09:33,app_form,110.49,"ugh restaurant left out the fries, want the money back for it very disappointed",missing_item
T101862,2025-09-08 20:02:42,chat,45.75,driver ignored the drop off instructions this is ridiculous,dasher_feedback
T101864,2025-08-02 06:53:56,chat,101.05,"Hey support, cant log in to my account can i get a refund",account_access
T101865,2025-08-02 14:25:09,chat,118.3,Order #547298: food finally showed up cold after over an hour please help,late_delivery
T101866,2025-09-16 18:15:06,app_form,107.54,oredr #234868: i ordered the burrito but they sent garlic bread. also cmopletely wrong order delivered to me,wrong_order
T101867,2025-08-12 18:42:57,email,87.69,"hey support, order is 47 minutes late and still not here very disappointed",late_delivery
T101869,2025-08-11 15:05:32,app_form,116.7,"hi, charged $25 but the app showed a lower total this is ridiculous",payment_issue
T101873,2025-09-07 02:23:13,chat,77.16,ugh it keeps saying my email is not registered please help,account_access
T101874,2025-08-06 11:39:42,chat,29.72,hello password reset email never arrives,account_access
T101875,2025-08-10 05:04:40,chat,111.49,"HI, DASHER HAS NOT MOVED ON THE MAP FOR 49 MINUTES",late_delivery
T101878,2025-09-11 16:59:29,chat,24.74,"Hey support, this is not my ordre, i got someone elses food please help",wrong_order
T101879,2025-08-27 16:14:52,chat,92.23,order #750049: my order came without the fries seocnd time this week,missing_item
T101882,2025-09-27 17:30:10,app_form,62.23,"odrer #708233: dasher ate some of my chicken sandwich, the box was opened can i get a refund",dasher_feedback
T101883,2025-09-21 19:06:51,chat,64.98,food finally showed up cold after over an hour please help,late_delivery
T101884,2025-09-23 15:44:13,email,112.05,"hi, no drink in my delivery",missing_item
T101885,2025-08-20 11:01:55,chat,50.11,"hey support, refund was approved 7 days ago but never hit my card",payment_issue
T101886,2025-09-14 15:29:56,chat,55.39,"hi, the chicken sandwich was not in the bag",missing_item
T101887,2025-09-01 05:29:47,chat,75.06,order #682718: food finally showed up cold after over an hour very disappointed,late_delivery
T101888,2025-09-05 14:44:32,chat,59.81,"order #988994: where is my order, it said it would arrive 28 minutes ago plesae help",late_delivery
T101890,2025-09-06 15:24:59,email,47.49,"still waiting on my food, the eta keeps moving fix this asap",late_delivery
T101891,2025-08-18 19:38:51,chat,26.01,hello refund was approved 6 days ago but never hit my card please help,payment_issue
T101893,2025-08-15 23:23:01,email,77.66,no chicken sandwich in my delivery,missing_item
T101895,2025-09-26 03:56:30,app_form,34.96,urgent: logged out and now it will not let me sign back in very disappointed,account_access
T101896,2025-08-29 06:36:49,email,17.52,"hi, promo code did not apply at checkout",payment_issue
T101898,2025-08-11 16:05:07,email,29.69,no burrito in my delivery second time this week,missing_item
T101899,2025-09-28 17:15:28,chat,70.38,Hello food finally showed up cold after over an hour very disappointed,late_delivery
T101901,2025-08-29 08:59:55,email,28.98,"hello restaurant left out the second pizza, want the money back for it this is ridiculous",missing_item
T101902,2025-09-05 16:15:14,email,38.58,"hello still waiting on my food, the eta keeps moving please help",late_delivery
T101905,2025-09-09 03:47:00,chat,102.87,"ORDER #306056: ONLY GOT 2 OF THE 6 ITEMS I PAID FOR. ALSO THIS IS NOT MY ORDER, I GOT SOMEONE ELSES FOOD",missing_item
T101906,2025-08-17 01:01:51,chat,21.55,ugh the pad thai was not in the bag sceond time this week,missing_item
T101907,2025-08-18 21:51:04,chat,54.81,"hi, i was charged twice for the same order. also dasher left my food at the wrong building very disappointed",payment_issue
T101908,2025-08-20 13:24:49,chat,11.39,Food finally showed up cold after over an hour second time this week,late_delivery
T101909,2025-09-29 10:19:18,email,59.85,order #281785: charged $56 but the app showed a lower total this is ridciulous,payment_issue
T101910,2025-09-15 06:59:26,app_form,98.54,Ugh no dumplings in my delivery,missing_item
T101911,2025-09-17 01:30:13,app_form,111.18,food finally showed up cold after over an hour this is ridiculous,late_delivery
T101913,2025-08-03 02:48:54,chat,101.58,food finally showed up cold after over an hour thanks,late_delivery
T101915,2025-09-15 08:29:05,chat,26.77,ugh my order came without the milkshake. also only got 1 of the 6 items i paid for this is ridiculous,missing_item
T101916,2025-09-22 10:18:48,chat,16.64,charged $60 but the app showed a lower total. also food finally showed up cold after over an hour very disappointed,payment_issue
T101918,2025-08-26 21:09:29,chat,14.4,"Hi, dasher has not moved on the map for 39 minutes",late_delivery
T101919,2025-08-22 13:27:49,chat,98.13,"this is not my order, i got someone elses food can i get a refund",wrong_order
T101920,2025-09-21 11:40:38,chat,99.42,logged out and now it will not let me sign back in very disappointed,account_access
T101923,2025-09-18 10:31:39,chat,40.21,LOGGED OUT AND NOW IT WILL NOT LET ME SIGN BACK IN CAN I GET A REFUND,account_access
T101924,2025-09-28 20:57:58,chat,84.95,Urgent: food finally showed up cold after over an hour,late_delivery
T101925,2025-09-18 15:45:42,chat,31.61,"this is not my order, i got someone elses food",wrong_order
T101926,2025-08-19 09:36:24,chat,85.58,hlelo it keeps saying my emial is not registered,account_access
T101929,2025-09-11 06:15:40,chat,56.39,"hey support, estimated arrival went from 22 to 77 minutes can i get a refund",late_delivery
T101930,2025-08-12 14:35:31,chat,22.93,"hello promo code did not apply at checkout. also restaurant left out the burrito, want the money back for it",payment_issue
T101931,2025-09-18 05:01:27,chat,90.63,cant log in to my account,account_access
T101932,2025-09-06 21:27:37,chat,62.1,the dumplings was not in the bag. also my tip was taken twice this is ridiculous,missing_item
T101933,2025-09-25 18:05:06,chat,47.45,URGENT: THE DLEIVERY PERSON MARKED IT DELIVERED BUT NEVER CAME. ALSO THE DELIVERY PERSON MARKED IT DELIVERED BUT NEVER CAME THANKS,dasher_feedback
T101934,2025-08-28 19:26:50,chat,89.38,"Hey support, the dasher was really rude to me at the door fix this asap",dasher_feedback
T101935,2025-08-30 12:39:34,chat,100.61,hello estimated arrival went from 22 to 70 miuntes fix this asap,late_delivery
T101936,2025-08-18 10:37:04,email,17.55,bag was sealed but the second pizza was missing please help,missing_item
T101938,2025-08-09 11:39:33,chat,33.96,"still waiting on my food, the eta keeps moving this is ridiculous",late_delivery
T101939,2025-08-12 03:59:52,app_form,81.48,"Hello restaurant left out the drink, want the money back for it very disappointed",missing_item
T101940,2025-09-05 08:52:11,email,95.59,My order came without the milkshake can i get a refund,missing_item
T101941,2025-08-22 08:37:57,app_form,58.46,the dasher was relaly rude to me at the door fix this asap,dasher_feedback
T101942,2025-09-06 05:46:07,email,69.28,"hey supprot, dasher has not moved on the map for 32 minutes",late_delivery
T101943,2025-09-13 19:45:13,app_form,116,hello they forgot my pad thai again can i get a refund,missing_item
T101945,2025-08-09 15:14:55,chat,105.12,"hey support, received side of rice instead of the dumplings please help",wrong_order
T101946,2025-09-04 20:21:25,email,41.14,I was charged twice for the same order tahnks,payment_issue
T101947,2025-09-17 19:11:49,chat,103.58,"order #307265: where is my order, it said it would arrive 41 minutes ago please help",late_delivery
T101948,2025-09-07 23:41:30,email,87.07,the delivery person marked it delivered but never came,dasher_feedback
T101949,2025-09-25 05:31:46,chat,9.5,urgent: estimtaed arrival went from 27 to 77 minutes,late_delivery
T101950,2025-08-30 22:26:19,chat,43.4,"hi, refund was approved 12 days ago but never hit my card thanks",payment_issue
T101954,2025-08-03 05:42:22,chat,51.91,food finally showed up cold after over an hour fix this asap,late_delivery
T101955,2025-09-01 22:13:48,chat,65.88,"where is my order, it said it would arrive 21 minutes ago. also this is not my order, i got someone elses food",late_delivery
T101956,2025-09-07 14:02:37,chat,71.45,DASHER LEFT MY FOOD AT THE WRONG BUILDING,dasher_feedback
T101957,2025-08-03 10:29:35,app_form,117.5,"hello still waiting on my food, the eta keeps moving. also dasher asked me to cancel the order",late_delivery
T101958,2025-09-07 03:39:54,app_form,34.26,hello completely wrong order delivered to me,wrong_order
T101961,2025-08-10 01:57:13,chat,67.73,only got 2 of the 6 items i paid for second time this week,missing_item
T101962,2025-08-09 06:16:44,chat,54.41,"hey support, still waiting on my food, the eta keeps moivng",account_access
T101963,2025-08-05 19:41:55,chat,115.25,urgetn: food finally showed up cold after over an hour,late_delivery
T101964,2025-09-01 04:40:54,chat,96.78,"Hello still waiting on my food, the eta keeps moving",late_delivery
T101965,2025-09-11 21:26:55,app_form,98.27,Urgent: password reset email never arrives very disappointed,account_access
T101966,2025-09-19 17:36:01,chat,114.33,"still waiting on my food, the eta keeps moving",late_delivery
T101967,2025-09-03 00:02:24,chat,105.55,only got 1 of the 6 items i paid for. also the verification code is not working,missing_item
T101968,2025-08-02 23:38:41,app_form,15.48,hello my order came without the drink this is ridiculous,missing_item
T101969,2025-09-20 10:30:40,chat,18.2,"order #443512: where is my order, it said it would arrive 29 minutes ago this is ridiculous",late_delivery
T101970,2025-08-17 09:19:17,chat,39.29,"hi, my account got lcoked after i changed my phone number thanks",account_access
T101971,2025-08-01 11:14:06,app_form,115.25,"HI, ESTIMATED ARRIVAL WENT FROM 53 TO 66 MINUTES. ALSO THE DASHER WAS REALLY RUDE TO ME AT THE DOOR THANKS",late_delivery
T101972,2025-09-19 04:37:53,chat,84.6,No burrito in my delivery very disappointed,missing_item
T101974,2025-09-06 14:03:41,chat,116.13,"hi, reecived side of rice instead of the sauec. also only got 2 of the 5 items i paid for this is ridiculous",wrong_order
T101975,2025-09-03 23:34:11,chat,89.88,Charged $57 but the app showed a lower total second time this week,payment_issue
T101976,2025-09-11 11:13:49,chat,62.21,THE FIRES WAS NOT IN THE BAG,missing_item
T101977,2025-08-16 12:24:17,chat,88.57,bag was sealed but the dumplings was missing. also dasher left my food at the wrong building please help,missing_item
T101978,2025-08-23 04:00:57,chat,72.24,"hey support, food finally showed up cold after over an hour very disappointed",late_delivery
T101979,2025-09-29 15:10:36,email,70.18,Charged $56 but the app showed a lower total,payment_issue
T101981,2025-08-20 18:13:50,chat,107.61,"hello restaurant left out the side of rice, want the money back for it second time this week",missing_item
T101982,2025-09-14 04:53:47,chat,50.05,the pad thai was not in the bag fix this asap,missing_item
T101983,2025-08-25 16:13:45,chat,49.64,card got declined but the money still left my account please help,payment_issue
T101986,2025-08-30 12:51:06,chat,22.25,"ugh where is my order, it said it would arrive 48 minutes ago very disappointed",late_delivery
T101987,2025-08-15 16:42:36,app_form,19.39,order #707042: completely wrong oredr delivered to me thanks,wrong_order
T101988,2025-08-21 19:02:24,chat,47.39,hello no sauce in my delivery,missing_item
T101990,2025-08-02 13:02:42,app_form,100,password reset email never arrives. also charged $76 but the app showed a lower total can i get a reufnd,account_access
T101991,2025-09-01 20:53:00,app_form,109.86,"hi, only got 1 of the 4 items i paid for. also dasher has not moved on the map for 50 minutes second time this week",missing_item
T101992,2025-09-23 02:00:55,chat,84.21,"my tip was taken twice. also where is my order, it said it would arrive 21 minutes ago very disappointed",payment_issue
T101993,2025-08-29 06:12:03,app_form,94.53,"hi, this is not my order, i got someone elses food",wrong_order
T101994,2025-08-04 20:09:12,app_form,108.5,order #394576: dirver ignroed the drop off instructions fix this asap,dasher_feedback
T101995,2025-09-17 20:43:12,chat,80.78,Order is 53 minutes late and still not here fix this asap,late_delivery
T101996,2025-09-11 03:13:09,chat,95.54,"Hi, only got 3 of the 5 items i paid for thanks",missing_item
T101997,2025-08-31 07:39:41,email,26.72,dasher asked me to cancel the order thanks,dasher_feedback
T101998,2025-09-28 00:36:58,chat,86.27,"urgent: restaurant left out the sauce, want the money back for it very disappointed",missing_item
T102000,2025-09-25 13:08:48,chat,26.61,"Hey supprot, food fianlly showed up cold after over an hour fix this asap",late_delivery
T102001,2025-09-27 04:57:19,chat,93.43,order is 30 minutes late and stlil not here,late_delivery
T102002,2025-08-28 05:52:34,chat,29.29,ORDER #630678: FOOD FINALLY SHOWED UP COLD AFTER OVER AN HOUR THANKS,late_delivery
T102003,2025-08-09 09:16:21,chat,112.59,the delivery person marked it delivered but never came,dasher_feedback
T102004,2025-08-26 16:36:04,chat,54.98,"still waiting on my food, the eta keeps moving very disappointed",late_delivery
T102005,2025-08-21 06:24:27,chat,94.29,Order #237190: my tip was taekn twice thanks,payment_issue
T102007,2025-08-21 03:20:31,app_form,74.36,"hi, food finally showed up cold after over an hour. also bag was sealed but the pad thai was msising second time this week",late_delivery
T102009,2025-08-15 03:59:17,chat,90.19,order #769649: it keeps saying my email is not registered. also driver ignored the drop off instructions very disappointed,account_access
T102010,2025-09-16 02:20:26,app_form,72.92,"Hey support, dasher left my food at the wrong building this is ridiculous",dasher_feedback
T102011,2025-09-17 09:16:55,chat,87.13,received side of rice instead of the milkshake,wrong_order
T102012,2025-08-06 11:07:12,app_form,25.81,urgent: bag was sealed but the milkshake was missing thanks,missing_item
T102013,2025-09-03 19:05:40,chat,43.32,"CARD GOT DECLINED BUT THE MONEY STILL LEFT MY ACCOUNT. ALSO WHERE IS MY ORDER, IT SAID IT WOULD ARRIVE 39 MINUTES AGO CAN I GET A REFUND",payment_issue
T102014,2025-08-20 02:19:02,chat,65.86,the verificaiton code is not worikng second time this week,account_access
T102015,2025-08-21 04:09:22,chat,75.66,ugh completely wrong order delivered to me fix this asap,wrong_order
T102017,2025-08-08 16:50:26,app_form,54.58,ugh the dasher was really rude to me at the door,dasher_feedback
T102019,2025-08-11 15:08:13,chat,37.25,Dasher has not moved on the map for 37 minutes,late_delivery
T102020,2025-09-20 18:06:24,chat,58.85,odrer #729543: my tip was taekn twice. also my order came without the chicken sandwich fix this asap,payment_issue
T102021,2025-08-03 11:34:38,chat,16.65,Hello bag was sealed but the dumplings was missing very disappointed,missing_item
T102022,2025-08-01 21:42:50,app_form,25.91,Cant log in to my account,account_access
T102023,2025-08-10 06:52:34,chat,73.05,"hey support, promo code did not apply at checkout",payment_issue
T102024,2025-08-07 11:52:15,email,113.4,Ugh the delivery person marked it delivered but neevr came. also card got declined but the money still left my account,dasher_feedback
T102025,2025-09-07 23:43:08,chat,93.35,hello refund was approved 5 days ago but never hit my card very disappointed,payment_issue
T102028,2025-09-08 01:43:53,chat,12.23,"ugh this is not my order, i got someone elses food this is ridiculous",wrong_order
T102030,2025-08-06 13:30:35,chat,105.89,estimated arrival went from 49 to 85 minutes,late_delivery
T102031,2025-09-19 08:06:27,email,79.1,"URGENT: ESTIMATED ARRIVAL WENT FROM 25 TO 62 MINUTES. ALSO STILL WAITING ON MY FOOD, THE ETA KEEPS MOVING",late_delivery
T102032,2025-08-04 00:47:51,chat,109.02,"Hi, card got declined but the money still left my account. also chraged $80 but the app showed a lower total",payment_issue
T102033,2025-09-28 07:39:23,chat,54.96,"Hello dasher ate some of my milkshake, the box was opened second time this week",dasher_feedback
T102034,2025-09-21 15:31:57,chat,67.87,"Hi, food finally showed up cold after over an hour",late_delivery
T102035,2025-09-04 07:19:06,email,71.19,"Urgent: dasher ate some of my salad, the box was opened second time this week",dasher_feedback
T102039,2025-09-03 03:20:42,chat,38.43,ugh no second pziza in my delivery can i get a refund,missing_item
T102040,2025-09-08 13:43:50,email,102.39,"hey support, no second pizza in my delivery this is ridiculous",missing_item
T102041,2025-09-29 22:55:58,chat,45.53,"hey support, logged out and now it will not let me sign back in",account_access
T102042,2025-09-20 00:10:22,email,77.99,Order #532085: the verification code is not working. also received dumplings instaed of the milkshake second time this week,wrong_order
T102043,2025-09-14 06:50:52,email,25.79,Ugh i was charged twice for the same order,payment_issue
T102045,2025-08-23 10:33:30,chat,119.27,no sauce in my delivery fix this asap,late_delivery
T102046,2025-08-20 15:29:52,email,63.75,compeltely wrong order delivered to me,wrong_order
T102047,2025-08-09 06:18:01,email,16.72,"where is my order, it said it would arrive 28 minutes ago please help",late_delivery
T102048,2025-08-22 20:34:20,app_form,106.04,no side of rice in my delivery can i get a refund,missing_item
T102049,2025-08-08 12:22:37,chat,43.91,dahser has not moved on the map for 51 minutes,late_delivery
T102051,2025-09-25 20:03:30,email,109.69,ugh food finally showed up cold after over an hour. also only got 1 of the 4 items i paid for can i get a refund,late_delivery
T102052,2025-08-22 13:14:29,chat,82.87,"Restaurant left out the chicken sandwich, want the money back for it please help",missing_item
T102053,2025-09-01 04:04:07,email,70.56,hello promo code did not aplpy at checkout. also promo code did not apply at checkout thanks,payment_issue
T102054,2025-09-19 07:55:08,email,75.26,my tip was taken twice. also food finally showed up cold after over an hour thanks,payment_issue
T102055,2025-08-19 13:02:19,app_form,79.19,Urgent: the bag had a different name on it. also order is 53 minutes late and still not here,wrong_order
T102056,2025-08-06 17:50:02,chat,22.48,ugh estimated arrival went from 40 to 71 minutes thanks,late_delivery
T102057,2025-08-17 07:57:43,app_form,25,"Hey support, bag was sealed but the burrito was missing very disappointed",missing_item
T102059,2025-09-04 13:11:46,chat,9.95,"Hello wrong items, nothing matches my receipt can i get a refund",wrong_order
T102061,2025-08-30 14:32:42,chat,60.61,Hello my order came without the chicken sandwich second time this week,missing_item
T102062,2025-08-15 04:01:10,chat,18.38,food finally showed up cold after over an huor. also i ordered the chicken sandwich but they sent chicken sandwich can i get a rfeund,late_delivery
T102063,2025-08-10 18:46:57,app_form,65.54,they forgot my pad thai again,missing_item
T102064,2025-09-05 10:51:51,chat,81.09,ESTIMATED ARRIVAL WENT FROM 27 TO 89 MINUTES SECOND TIME THIS WEEK,late_delivery
T102065,2025-08-30 22:04:26,app_form,73.31,"hi, charged $89 but the app showed a lower total. also the verification code is not working thanks",payment_issue
T102066,2025-09-19 08:55:54,chat,11.84,ugh food finally showed up cold after over an hour. also the sauce was not in the bag fix this asap,late_delivery
T102067,2025-08-19 13:13:34,email,103,urgent: food finally showed up cold after over an hour please help,late_delivery
T102068,2025-08-31 11:50:40,email,29.79,Ugh estimated arrival went from 40 to 64 minutes,late_delivery
T102069,2025-09-02 19:41:10,app_form,27.73,hello estimated arrival went from 25 to 69 minutes,late_delivery
T102070,2025-08-11 10:46:58,email,32.43,Ugh promo code did not apply at checkout secnod time this week,payment_issue
T102071,2025-08-20 06:05:44,email,10.77,"hey support, logged out and now it will not let me sign back in please help",account_access
T102072,2025-09-24 00:24:06,chat,95.03,"Hey support, it keeps saying my email is not registered",account_access
T102073,2025-09-09 05:44:08,email,93.37,order #693210: estimated arrival went from 44 to 67 minutes,late_delivery
T102074,2025-08-27 16:40:21,email,116.82,Ugh my tip was taken twice,payment_issue
T102075,2025-09-18 06:01:48,app_form,60.84,"hi, dasher asked me to cancel the order thanks",dasher_feedback
T102076,2025-08-03 21:58:13,email,119.03,"hi, no side of rice in my delivery. also still waiting on my food, the eta keeps moving second time this week",missing_item
T102077,2025-08-26 06:58:11,email,39.12,"hello dasher has not moved on the map for 33 minutes. also wrong items, nothing matches my receipt very disappointed",late_delivery
T102078,2025-08-22 18:43:42,chat,89.49,"Hi, i ordered the drink but they sent pad thai. also still waiting on my food, the eta keeps moving",wrong_order
T102079,2025-08-18 06:29:17,chat,12.75,"Hi, my order came without the garlic bread second time this week",missing_item
T102081,2025-09-05 22:36:45,app_form,78.04,"hi, the bag had a differnet name on it second time this week",wrong_order
T102082,2025-09-11 22:25:18,email,104.21,Hello charged $44 but the app shwoed a lower total,payment_issue
T102083,2025-09-18 17:53:50,email,117.28,ugh my tip was taekn twice. also i was charged twice for the same order,payment_issue
T102085,2025-08-21 01:10:21,chat,105.98,Dasher aksed me to cancel the order fix this asap,dasher_feedback
T102086,2025-08-14 20:05:22,chat,66.85,estimated arrival went from 32 to 65 minutes. also card got declined but the money still left my account thanks,late_delivery
T102087,2025-09-01 19:03:57,chat,110.01,ugh password reset email never arrives. also i ordered the sauce but they sent garilc bread,account_access
T102088,2025-09-28 18:40:06,chat,54.69,card got declined but the money still left my account very disappointed,payment_issue
T102089,2025-08-11 00:57:06,email,34.22,UGH ORDER IS 35 MINUTES LATE AND SITLL NOT HERE SECOND TIME THIS WEEK,late_delivery
T102090,2025-08-21 18:57:35,chat,62.91,"hi, charged $45 but the app showed a lower total. also promo code did not apply at checkout",payment_issue
T102091,2025-09-23 10:06:32,email,28.75,"Order #604985: still wiating on my food, the eta keeps moving can i get a refund",late_delivery
T102092,2025-08-17 03:50:09,chat,13.01,Order #809503: dasher has not moved on the map for 53 minutes this is ridiculous,late_delivery
T102094,2025-09-28 10:22:18,chat,63.98,"THIS IS NOT MY ORDER, I GOT SOMEONE ELSES FOOD. ALSO DASHER ASKED ME TO CANCEL THE ORDER VERY DISAPPOINTED",wrong_order
T102095,2025-08-27 13:41:58,chat,25.58,the milkshake was not in the bag can i get a refund,missing_item
T102096,2025-08-10 06:56:27,email,32.06,No drink in my delivery,missing_item
T102098,2025-09-08 17:02:43,email,62.04,Ugh food finally showed up cold after over an hour this is ridiculous,late_delivery
T102099,2025-09-07 19:21:52,chat,10.81,"Hi, logged out and now it will not let me sign back in. also the dasher was really rude to me at the door this is ridiculous",account_access
T102100,2025-08-23 06:37:44,chat,13.4,"hey support, completely wrong order delivered to me thanks",wrong_order
T102101,2025-08-25 23:59:36,email,99.76,"HEY SUPPORT, ESTIMATED ARRIVAL WENT FROM 45 TO 76 MINUTES",late_delivery
T102102,2025-08-27 02:06:03,email,119.98,"hi, bag was sealed but the side of rice was missing",missing_item
T102103,2025-09-21 09:34:36,app_form,15.3,order #269238: the dasher was really rude to me at the door please help,dasher_feedback
T102104,2025-08-20 15:09:39,chat,23.54,they forgot my milkshake again. also received salad instead of the drink,missing_item
T102105,2025-08-29 14:20:53,email,87.01,estimated arrival went from 47 to 67 minutes,late_delivery
T102106,2025-08-25 08:41:07,chat,32.02,bag was sealed but the freis was missing please help,missing_item
T102107,2025-09-11 16:33:41,chat,73.34,"hello still waiting on my food, the eta keeps moving can i get a refund",late_delivery
T102108,2025-08-26 16:36:15,chat,34.96,urgent: refund was approved 9 days ago but never hit my card fix this asap,payment_issue
T102109,2025-08-31 09:28:15,chat,106.15,"restaurant left out the second pizza, want the money back for it",missing_item
T102111,2025-09-24 22:29:20,chat,46.5,Urgent: dasher has not moved on the map for 32 minutes thanks,late_delivery
T102113,2025-09-19 20:40:09,app_form,92.82,"ugh where is my order, it said it would arrive 35 minutes ago very disappointed",late_delivery
T102114,2025-09-13 04:38:46,chat,73,URGENT: IT KEEPS SAYING MY EMAIL IS NOT REGISTERED PLEASE HELP,account_access
T102119,2025-08-24 13:40:28,chat,17.49,ugh driver ignored the drop off instructions,dasher_feedback
T102120,2025-09-13 15:36:54,app_form,101.89,dasher has not moved on the map for 35 minutes please help,late_delivery
T102122,2025-08-05 09:51:20,chat,83.52,hello the delivery person marekd it delivered but never came second time this week,dasher_feedback
T102123,2025-08-24 05:13:07,app_form,27.85,"hi, the verification code is not working",account_access
T102124,2025-08-08 17:28:43,email,46.25,hello they forgot my second pizza again,account_access
T102125,2025-09-28 19:57:01,email,15.43,Ugh dasher has not moved on the map for 31 minutes very disappointed,late_delivery
T102126,2025-08-31 08:53:02,app_form,52.89,"ugh still waiting on my food, the eta keeps moving thanks",late_delivery
T102127,2025-09-01 14:00:29,email,46.7,"hi, order is 44 minutes late and still not here",late_delivery
T102128,2025-08-25 02:54:39,chat,28.26,"Hi, no side of rice in my delivery this is ridiculous",missing_item
T102131,2025-09-29 16:51:22,chat,32.2,order is 23 minutes late and still not here,late_delivery
T102132,2025-09-15 15:29:54,app_form,87.23,"HI, CHARGED $81 BUT THE APP SHOWED A LOWER TOTAL. ALSO THEY FORGOT MY MILKSHAKE AGAIN VERY DISAPPOINTED",payment_issue
T102133,2025-08-01 01:53:51,app_form,22.35,"hey support, only got 1 of the 6 itmes i paid for. also bag was sealed but the garlic bread was missing please help",missing_item
T102134,2025-09-26 06:01:12,email,105.58,cant log in to my account this is ridiculous,account_access
T102135,2025-08-25 15:50:14,app_form,117.13,"uregnt: dasher ate some of my chicken sandwich, the box was opened. also bag was sealed but the chicken sandwich was missing can i get a refund",dasher_feedback
T102136,2025-08-16 04:20:39,email,35.81,order #628539: logged out and now it will not let me sign back in second time this week,account_access
T102137,2025-08-17 08:34:17,app_form,84.66,hello food finally shoewd up cold after over an hour,late_delivery
T102141,2025-09-06 21:03:28,email,119.46,"where is my odrer, it said it would arrive 28 minutes ago please help",late_delivery
T102143,2025-09-10 13:42:48,email,11.17,ugh they forgot my fries again,missing_item
T102146,2025-08-15 16:28:56,chat,54.18,hello the salad was not in the bag second time this week,missing_item
T102147,2025-09-03 14:59:55,chat,92.79,Bag was sealed but the milkshake was missing thanks,missing_item
T102148,2025-08-30 08:23:41,chat,51.62,Urgent: card got declined but the money still left my account this is ridiculous,payment_issue
T102149,2025-09-06 02:31:41,app_form,40.96,order #906479: dasher has not moved on the map for 27 minuets plaese help,late_delivery
T102150,2025-08-07 04:43:08,email,115.89,Oredr #347292: i was charged twice for the same order,payment_issue
T102153,2025-09-14 04:04:35,chat,108.37,dasher asked me to cancel the order,dasher_feedback
T102154,2025-08-23 18:45:46,chat,116.9,urgnet: only got 3 of the 6 items i paid for very disappointed,missing_item
T102155,2025-09-26 13:06:24,chat,13.4,"hey support, card got declined but the moeny stlil left my account please help",payment_issue
T102156,2025-09-29 11:29:14,email,70.56,Hello my order came without the sauce,missing_item
T102157,2025-08-13 20:05:51,chat,36.77,ugh charged $33 but the app showed a lower total second time this week,payment_issue
T102158,2025-09-18 04:38:15,chat,50.71,COMPLETELY WRONG ORDER DELIVERED TO ME. ALSO CHARGED $30 BUT THE APP SHOWED A LOEWR TOTAL SECOND TIME THIS WEEK,wrong_order
T102159,2025-08-01 06:26:55,chat,87.85,HELLO DASHER ASKED ME TO CANCEL THE ORDER THANKS,dasher_feedback
T102162,2025-08-12 11:30:58,email,9.47,"urgent: wrong items, nothing matches my receipt can i get a refund",wrong_order
T102163,2025-08-21 06:00:39,chat,19.21,ESTIMATED ARRIVAL WENT FROM 37 TO 73 MINUTES THANKS,late_delivery
T102164,2025-09-20 14:39:57,chat,27.77,"hey support, the verification code is not working second time this week",account_access
T102165,2025-08-22 15:58:48,email,93.67,Food finally showed up cold after over an hour,late_delivery
T102166,2025-08-25 17:27:30,chat,41.43,estimated arrival went from 52 to 72 minutes,late_delivery
T102168,2025-08-23 06:34:47,email,37.05,The delivery person marked it delivered but never came,dasher_feedback
T102169,2025-09-29 16:29:19,chat,118.81,"hi, order is 49 minutes late and still not here very disappointed",late_delivery
T102171,2025-09-23 08:23:44,app_form,55.64,"hi, they forgot my chicken sandwich again. also driver ignored the drop off instructions can i get a refund",missing_item
T102172,2025-09-03 00:43:41,chat,83.16,I ORDERED THE SECOND PIZZA BUT THEY SENT MILKSHAKE,wrong_order
T102173,2025-09-21 05:32:54,chat,100.61,order is 48 minutes late and still not here this is ridiculous,late_delivery
T102176,2025-09-04 16:03:48,app_form,65.78,promo code did not apply at checkout,payment_issue
T102177,2025-08-21 00:20:05,chat,85.32,Ugh bag was sealed but the side of rice was missing thanks,missing_item
T102179,2025-08-22 14:54:09,chat,46.78,order #831905: dasher has not moved on the map for 50 minutes this is ridiculous,late_delivery
T102180,2025-09-25 18:36:38,app_form,15.72,"hello where is my order, it said it would arrive 27 minutes ago",late_delivery
T102181,2025-09-03 09:38:23,chat,58.24,hello they forgot my chicken sandwich again thanks,missing_item
T102182,2025-08-20 21:38:08,chat,87.44,urgent: order is 21 minutes late and still not here very disappointed,late_delivery
T102184,2025-08-17 11:00:26,chat,13.86,ugh estimated arrival went from 54 to 95 minutes. also they forgot my fries again very disappointed,late_delivery
T102185,2025-09-24 19:23:40,chat,56.61,Ugh logged out and now it will not let me sign back in. also the delivery person marked it delivered but never came this is ridiculous,account_access
T102186,2025-09-18 22:03:30,app_form,106.71,HELLO DASHER ASKED ME TO CANCEL THE ORDER PLEASE HELP,dasher_feedback
T102187,2025-08-23 18:40:57,email,112.35,"still waiting on my food, the eta keeps moving thanks",late_delivery
T102188,2025-09-29 13:12:19,app_form,32.18,"hey support, whree is my order, it said it would arrive 31 minutes ago",late_delivery
T102189,2025-09-03 14:12:51,chat,108.73,Urgnet: the verification code is not working this is ridiculous,account_access
T102190,2025-09-23 04:56:50,app_form,11.52,"still waiting on my food, the eta keeps moving second time this week",late_delivery
T102191,2025-08-24 05:17:37,chat,22.15,"hey support, the delivery person marked it delivered but never came. also still waiting on my food, the eta keeps moving thanks",dasher_feedback
T102192,2025-09-19 15:22:39,chat,49.35,"hello this is not my order, i got someone elses food",wrong_order
T102193,2025-08-02 03:01:12,chat,9.78,"hey support, my account got locked after i changed my phone number very disappointed",account_access
T102194,2025-09-01 12:42:22,app_form,118.82,hello dsaher left my food at the wrong building please help,dasher_feedback
T102195,2025-08-10 23:46:35,app_form,13.22,hello order is 36 minutes late and still not here. also the dahser was really rude to me at the door this is ridiculous,wrong_order
T102196,2025-09-07 01:04:15,app_form,80.4,Order #493749: the dasher was really rude to me at the door,dasher_feedback
T102198,2025-08-21 17:13:51,email,73,"hey support, charged $50 but the app showed a lower total",payment_issue
T102201,2025-09-22 02:02:33,email,42.99,order #190631: charged $81 but the app showed a lower toatl,payment_issue
T102202,2025-08-09 18:21:14,app_form,118.9,Urgent: they forgot my side of rice again,missing_item
T102204,2025-09-17 16:23:24,email,46.86,"hey support, card got declined but the money still left my accuont can i get a refund",payment_issue
T102205,2025-08-02 06:48:51,chat,51.08,"Urgent: where is my order, it said it would arrive 31 minutes ago",late_delivery
T102206,2025-09-17 12:53:43,app_form,33.9,"hi, only got 1 of the 6 items i paid for please help",missing_item
T102209,2025-09-24 16:38:51,app_form,89.31,cant log in to my acocunt fix this asap,account_access
T102212,2025-09-14 01:01:11,chat,20.05,urgent: estimated arrival went from 49 to 60 minutes,late_delivery
T102215,2025-09-05 15:42:38,chat,80.37,order #703975: they forgot my dumplings again,missing_item
T102216,2025-08-08 08:04:21,email,73.22,ORDER #970616: THE FRIES WAS NOT IN THE BAG PLEASE HELP,missing_item
T102217,2025-08-05 03:44:19,chat,90.88,"hi, dasher asked me to cancel the order fix this asap",dasher_feedback
T102218,2025-08-10 03:42:29,email,66.39,order is 32 minutes late and still not here,late_delivery
T102219,2025-09-16 18:34:30,email,87.57,"hi, still waiting on my food, the eta keeps moving very disappointed",wrong_order
T102220,2025-08-02 12:52:00,chat,26.38,"order #605707: where is my order, it said it would arrive 55 minutes ago",late_delivery
T102221,2025-09-04 04:10:40,chat,95.22,"urgent: the delivery preson marked it delivered but never came. also wrong items, nothing matches my receipt please help",dasher_feedback
T102222,2025-09-23 03:07:25,app_form,61.79,"hi, wrong items, nothing matches my receipt thanks",wrong_order
T102224,2025-09-24 02:00:48,chat,28.46,"Hey support, charged $61 but the app showed a lower total",payment_issue
T102225,2025-08-30 15:33:41,chat,54.04,"hi, the delivery person marked it delivered but never came",dasher_feedback
T102227,2025-08-29 18:09:25,chat,87.51,hello estimated arrival went from 36 to 62 minutes very disappointed,late_delivery
T102229,2025-08-07 17:54:38,email,57.86,"hello this is not my order, i got someone elses food can i get a refund",wrong_order
T102230,2025-08-05 16:28:36,chat,13.64,"order #987413: where is my order, it said it would arrive 43 minutes ago fix this asap",late_delivery
T102232,2025-09-07 04:04:03,chat,105.32,"Hi, my order came without the salad second time this week",missing_item
T102233,2025-08-25 22:55:13,chat,54.43,Food finally showed up cold after over an hour very disappointed,late_delivery
T102235,2025-08-21 14:04:06,chat,102.98,urgent: order is 51 minutes late and still not here. also logged out and now it will not let me sign back in,late_delivery
T102236,2025-08-30 21:52:15,app_form,21.95,Ugh dsaher has not moved on the map for 34 minutes. also the verification code is not working please help,late_delivery
T102237,2025-09-12 18:39:22,email,90.61,order #528631: the verification code is not working,account_access
T102240,2025-08-08 23:20:20,email,15.74,"hey support, my tip was taken twice this is ridiculous",payment_issue
T102241,2025-09-29 10:46:27,app_form,40.38,Order #627909: charged $29 but the app showed a lower total,payment_issue
T102244,2025-08-12 02:55:42,chat,112.28,"hi, food finally showed up cold after over an hour thanks",late_delivery
T102245,2025-09-12 20:24:28,chat,26.42,hello order is 23 minutes late and still not here,late_delivery
T102246,2025-08-11 13:54:13,email,68.71,"hi, no burrito in my delviery fix this asap",missing_item
T102248,2025-08-06 01:56:40,chat,69.04,"HEY SUPPORT, LOGGED OUT AND NOW IT WILL NOT LET ME SIGN BACK IN. ALSO THE BURRITO WAS NOT IN THE BAG SECOND TIME THIS WEEK",account_access
T102249,2025-09-06 23:28:15,email,47.77,"hi, estimated arrival went from 39 to 92 minutes. also card got declined but the money still left my account this is ridiculous",late_delivery
T102251,2025-08-29 22:47:24,app_form,45.97,No pad thai in my delivery,missing_item
T102252,2025-08-15 04:54:39,chat,13.78,"where is my order, it said it would arirve 36 minutes ago please help",late_delivery
T102253,2025-09-20 08:07:51,chat,50.03,"hi, logged out and now it will not let me sign back in fix this asap",account_access
T102254,2025-09-27 11:10:21,chat,97.02,dsaher has not moved on the map for 38 minutes please help,late_delivery
T102255,2025-09-04 07:49:58,chat,60.55,Order #763551: i ordered the garlic bread but they sent chicken sandwich,wrong_order
T102256,2025-08-05 15:25:06,chat,35.57,urgent: dasher asked me to cancel the order very disappointed,dasher_feedback
T102258,2025-09-06 10:02:15,chat,107.1,dasher left my food at the wrong building second time this week,dasher_feedback
T102259,2025-09-25 18:25:56,chat,88.89,Hello the dasher was really rude to me at the door second time this week,dasher_feedback
T102260,2025-09-06 04:55:04,app_form,77.64,"HI, BAG WAS SEALED BUT THE PAD THAI WAS MISSING PLEASE HELP",missing_item
T102261,2025-09-03 14:08:07,chat,72.22,urgent: food finally showed up cold after over an hour second time this week,late_delivery
T102264,2025-09-09 04:56:29,email,71.35,ugh dasher left my food at the wrong building fix this asap,dasher_feedback
T102265,2025-09-21 07:56:13,email,112.86,"urgent: restaurant left out the garlic bread, want the money back for it. also cant log in to my account this is ridiculous",missing_item
T102266,2025-08-01 15:02:58,chat,85,"hi, my order came without the fries",missing_item
T102267,2025-08-19 06:09:25,chat,81.81,"RESTAURANT LEFT OUT THE CHICKEN SANDWICH, WANT THE MONEY BACK FOR IT THANKS",missing_item
T102270,2025-08-25 20:28:46,email,97.95,order #924553: promo code did not apply at checkout thanks,payment_issue
T102271,2025-09-15 10:43:43,email,16.17,Dasher has not moved on the map for 30 minutes thanks,late_delivery
T102272,2025-09-23 08:42:08,app_form,55.45,Order #604755: password reset email never arrives please help,account_access
T102273,2025-08-24 22:00:12,app_form,9.65,"HEY SUPPORT, NO PAD THAI IN MY DELIVERY THIS IS RIDICULOUS",missing_item
T102274,2025-09-28 03:59:42,app_form,113.61,order #602925: estimated arrival went from 29 to 80 minutes very disappointed,dasher_feedback
T102275,2025-08-14 11:48:21,email,96.74,"hi, only got 3 of the 5 items i paid for second time this week",missing_item
T102276,2025-09-09 04:32:55,app_form,13.61,Charged $42 but the app showed a lower total,payment_issue
T102277,2025-08-28 10:08:10,chat,53.41,"hey support, refund was approved 10 days ago but never hit my cadr. also dasher ate some of my drink, the box was oepned this is ridiculous",payment_issue
T102278,2025-09-05 00:58:44,chat,76.15,"hi, the verification code is not working. also logged out and now it will not let me sign back in please help",late_delivery
T102279,2025-09-23 18:26:41,app_form,108.68,"Hi, wrong itmes, nothing matches my receipt",wrong_order
T102281,2025-08-11 12:49:13,email,44.78,ugh food finally showed up cold after over an hour thanks,late_delivery
T102282,2025-08-05 12:20:55,email,37.89,hello dasher asked me to cancel the order. also only got 2 of the 5 items i paid for this is ridiculous,dasher_feedback
T102283,2025-09-18 12:08:18,chat,119.96,hello order is 29 minutes late and still not here this is ridiculous,late_delivery
T102284,2025-09-29 04:07:51,email,33.61,hello i ordered the dumplings but they sent burrito second time this week,wrong_order
T102285,2025-08-05 10:56:04,chat,103.73,"hey support, the dumplings was not in the bag. also driver ignored the drop off instructions fix this asap",dasher_feedback
T102286,2025-09-29 18:50:22,app_form,42.21,URGENT: I WAS CHARGED TWICE FOR THE SAME ORDER. ALSO CHARGED $77 BUT THE APP SHOWED A LOWER TOTAL SECOND TIME THIS WEEK,payment_issue
T102287,2025-08-17 02:57:24,chat,79.34,ugh dasher left my food at the wrong building fix this asap,dasher_feedback
T102288,2025-09-16 08:12:24,email,92.46,"order #536431: this is not my order, i got someone elses food very disappointed",wrong_order
T102289,2025-08-25 18:47:35,email,73.42,the dasher was really rude to me at the door,dasher_feedback
T102290,2025-08-27 03:25:19,email,60.45,promo code did not apply at checkout. also the chicken sandwich was not in the bag this is ridiculous,payment_issue
T102293,2025-08-06 02:03:18,app_form,34.08,The verification code is not working,account_access
T102295,2025-09-23 08:58:49,chat,76.5,"hi, card got declined but the money still left my account",payment_issue
T102296,2025-09-18 06:47:57,chat,23.2,NO SECOND PIZZA IN MY DELIVERY THIS IS RIDICULOUS,missing_item
T102297,2025-09-18 06:27:47,chat,106.91,UGH REFUND WAS APPROVED 8 DAYS AGO BUT NEVER HIT MY CARD PLEASE HELP,payment_issue
T102298,2025-09-02 02:15:15,app_form,43.26,ugh my order came without the chicken sandwich please help,missing_item
T102299,2025-09-05 05:53:23,chat,63.42,Urgent: dasher has not moved on the map for 26 minutes,late_delivery
T102301,2025-08-18 00:34:39,chat,109.21,"ugh still waiting on my food, the eta keeps moving thanks",late_delivery
T102302,2025-08-07 05:20:39,app_form,112.73,ugh the second pizza was not in the bag,missing_item
T102304,2025-08-31 16:42:23,chat,85.78,"restaurant left out the dumplings, want the money back for it. also driver ignored the drop off instructions can i get a refund",missing_item
T102306,2025-09-26 08:26:44,chat,86.45,order #544449: my tip was taken twice,payment_issue
T102307,2025-08-12 11:14:50,chat,14.2,"hi, cant log in to my account",wrong_order
T102309,2025-09-10 06:18:31,app_form,55.98,"where is my order, it said it would arrive 24 minutes ago",late_delivery
T102310,2025-09-01 11:47:04,email,10.86,food finally showed up cold after over an hour,late_delivery
T102311,2025-09-20 08:30:04,chat,80.97,"Hello sitll waitnig on my food, the eta keeps moving very disappointed",late_delivery
T102312,2025-09-11 22:26:01,chat,43.86,"restaurant left out the garlic bread, want the money back for it very disappointed",missing_item
T102313,2025-09-26 05:51:43,chat,24.79,"ugh dasher ate some of my garlic bread, the box was opened. also the side of rice was not in the bag very disappointed",dasher_feedback
T102314,2025-08-28 06:12:06,chat,96.71,"Hi, the verification code is not working fix this asap",account_access
T102315,2025-08-12 11:08:36,app_form,111.01,"hi, completely wrong order delivered to me this is ridiculous",wrong_order
T102317,2025-08-16 17:22:10,chat,113.83,"Hey support, dasher aksed me to cancel the order can i get a refund",dasher_feedback
T102318,2025-08-08 14:44:07,chat,29.16,"Restaurant left out the garlic bread, want the money back for it",missing_item
T102319,2025-08-19 02:53:08,chat,75.59,i ordered the salad but they sent burrito please help,wrong_order
T102320,2025-09-17 04:20:01,chat,31.48,Urgent: the dirnk was not in the bag. also the bag had a different name on it,missing_item
T102321,2025-09-27 18:58:15,app_form,106.55,hello order is 23 minutes late and still not here. also completely worng order delivered to me very disappointed,late_delivery
T102322,2025-09-16 16:40:26,app_form,20.22,"hlelo restaurant left out the milkshake, want the money back for it please help",missing_item
T102323,2025-08-24 23:16:16,chat,62.64,"HEY SUPPORT, PROMO CODE DID NOT APPLY AT CHECKOUT",payment_issue
T102324,2025-08-21 06:32:19,email,95.85,"Hello whree is my ordre, it said it would arrive 33 minutes ago very disappionted",late_delivery
T102326,2025-09-06 23:47:02,email,81.76,"hey support, the bag had a different name on it fix this asap",wrong_order
T102327,2025-08-13 04:00:02,chat,26.84,My order came without the side of rice please help,missing_item
T102329,2025-09-01 17:47:06,chat,99.76,hello dasher asekd me to cancel the order,dasher_feedback
T102330,2025-08-02 06:10:23,chat,55.27,food finally showed up cold after over an hour fix this asap,late_delivery
T102331,2025-09-24 01:52:52,app_form,23.71,uregnt: dasher asked me to cancel the order plaese help,dasher_feedback
T102332,2025-09-04 00:18:40,chat,119.21,my account got locked afetr i changed my phone number can i get a refund,account_access
T102333,2025-08-09 04:20:51,chat,61.83,Only got 2 of the 4 items i paid for second time this week,missing_item
T102335,2025-09-05 16:28:45,app_form,108.63,ugh dasher has not moved on the map for 45 minutes very disappointed,late_delivery
T102336,2025-08-15 12:13:44,app_form,12.04,"This is not my order, i got someone elses food thanks",wrong_order
T102337,2025-08-02 06:01:58,app_form,38.63,urgent: promo code did not apply at checkout. also refund was approved 9 days ago but never hit my card thanks,payment_issue
T102338,2025-09-14 01:10:10,app_form,88.01,"hello where is my order, it said it would arrive 28 minutes ago thanks",late_delivery
T102339,2025-09-12 09:54:22,chat,61.33,ugrent: food finally showed up cold after over an hour very disappointed,late_delivery
T102340,2025-09-27 18:54:53,chat,71.82,"still waiitng on my food, the eta keeps moving. also my odrer came without the side of rice can i get a refund",late_delivery
T102342,2025-08-21 22:42:33,chat,84.46,ugh my account got locked after i changed my phone number second time this week,account_access
T102344,2025-08-21 00:56:43,email,98.37,order is 33 minutes late and still not here fix this asap,payment_issue
T102345,2025-08-13 15:47:42,app_form,93.55,ugh food finally showed up cold after over an hour,late_delivery
T102347,2025-08-03 10:10:14,chat,21.37,hello no fries in my delivery can i get a refund,missing_item
T102348,2025-09-04 15:44:11,chat,60.66,hello order is 52 minutes late and still not here very disappointed,late_delivery
T102349,2025-08-24 18:41:59,chat,33.64,ugh dasher has not moved on the map for 45 minutes please help,late_delivery
T102350,2025-08-18 00:01:09,app_form,75.43,Promo code did not apply at checkuot. also bag was sealed but the burrito was missing second time this week,payment_issue
T102351,2025-09-16 19:14:53,chat,98.96,"hi, where is my order, it said it would arrive 49 minutes ago. also dasher asked me to cancel the order second time this week",late_delivery
T102352,2025-09-09 05:37:53,chat,73.07,"hey support, wrong items, nohting matches my receipt. also only got 1 of the 5 items i paid for second time this week",wrong_order
T102353,2025-09-29 14:07:50,email,83.56,Urgent: logged out and now it will not let me sign back in thanks,account_access
T102354,2025-09-16 11:17:42,chat,21.28,ugh my order came without the burrito,missing_item
T102355,2025-08-03 10:58:47,app_form,42.1,urgent: charged $25 but the app showed a lower total this is ridiculous,payment_issue
T102357,2025-09-24 15:46:01,chat,58.38,OREDR #296447: CANT LOG IN TO MY ACCOUNT,account_access
T102360,2025-09-15 00:30:56,chat,99.68,"ugh restaurant left out the salad, want the money back for it very disappointed",missing_item
T102362,2025-09-05 06:36:02,app_form,71.99,DRIVER IGNORED THE DROP OFF INSTRUCTIONS CAN I GET A REFUND,dasher_feedback
T102363,2025-08-31 03:42:42,app_form,26.93,urgent: my order came without the second pizza this is ridiculous,missing_item
T102364,2025-08-24 02:19:48,app_form,11.6,estimated arrival went from 42 to 71 minutes,late_delivery
T102365,2025-09-27 15:37:14,chat,85.66,my account got locked after i changed my phone number,account_access
T102366,2025-08-13 02:25:17,chat,16.64,urgent: driver ignored the drop off instructions second time this week,dasher_feedback
T102367,2025-09-09 17:25:47,email,14.39,hello no chicekn sandwich in my delivery,missing_item
T102371,2025-08-24 17:44:49,chat,19.84,"hi, dasher asked me to cancel the order",dasher_feedback
T102373,2025-08-27 19:10:35,chat,42.08,"HI, NO DUMPLINGS IN MY DELIVERY. ALSO CANT LOG IN TO MY ACCOUNT SECOND TIME THIS WEEK",missing_item
T102374,2025-08-20 07:41:07,chat,53.85,"Hi, order is 50 minutes late and still not here can i get a refund",late_delivery
T102376,2025-08-23 16:29:07,email,33.03,UGH CANT LOG IN TO MY ACCOUNT SECOND TIME THIS WEEK,account_access
T102377,2025-09-22 23:25:06,chat,27.72,order #868259: the fries was not in the bag. also dasher has not moved on the map for 23 minutes fix this asap,missing_item
T102378,2025-09-15 05:39:04,chat,93.64,urgent: dasher has not moved on the map for 51 minutes,late_delivery
T102379,2025-08-29 02:50:50,email,114.93,urgent: cant log in to my account second time this week,account_access
T102380,2025-08-17 17:27:47,email,86.41,hello bag was sealed but the drink was missing,missing_item
T102382,2025-09-11 00:40:03,chat,101.16,urgent: the pad thai was not in the bag this is ridiculous,missing_item
T102383,2025-09-02 19:41:31,app_form,75.61,ugh i ordered the garlic bread but they sent milkshake fix this asap,wrong_order
T102384,2025-09-14 18:23:20,chat,101.53,"hi, completely wrong order delivered to me",wrong_order
T102387,2025-08-17 06:57:12,chat,31.98,"hi, wehre is my odrer, it said it would arrive 32 minutes ago second time this week",late_delivery
T102390,2025-08-01 19:31:23,chat,90.5,ugh card got declined but the money still left my account,payment_issue
T102391,2025-09-28 01:29:31,chat,47.61,hello received chicken sandwich instead of the fries this is ridiculous,wrong_order
T102394,2025-08-16 09:56:21,app_form,67.68,"hello this is not my order, i got smoeone elses food very disappointed",wrong_order
T102395,2025-08-08 11:23:45,email,61.04,urgent: only got 2 of the 4 itmes i paid for. also the delivery person marked it delivered but never came this is ridiculous,missing_item
T102396,2025-08-08 05:30:10,chat,88.1,"hi, no burrito in my delivery",missing_item
T102397,2025-08-01 14:39:00,email,90.82,ORDER #346861: NO SALAD IN MY DELIVERY THANKS,missing_item
T102398,2025-09-15 23:06:45,chat,75.85,Hello my account got locked after i changed my phone number please help,account_access
T102399,2025-08-02 07:39:58,chat,16.75,"hi, dasher left my food at the wrong building fix this asap",dasher_feedback
T102401,2025-09-20 07:40:35,chat,53.37,order #939637: order is 20 minutes late and still not here,late_delivery
T102402,2025-09-28 16:49:13,chat,94.68,Order #897845: food finally showed up cold after over an hour thanks,late_delivery
T102403,2025-09-28 13:23:10,app_form,109.66,"hi, food finally showed up cold after over an hour this is ridiculous",late_delivery
T102404,2025-09-04 06:45:35,chat,45.66,Order #143601: food finally showed up cold after over an hour,late_delivery
T102405,2025-08-23 00:00:57,email,83.08,Urgent: i ordered the salad but they sent drink,wrong_order
T102408,2025-08-16 07:37:45,email,75.18,order #904703: order is 30 minutes late and still not here fix this asap,late_delivery
T102409,2025-09-09 07:47:15,chat,49.88,ugh dasher has not moved on the map for 49 minutes,late_delivery
T102410,2025-08-12 22:07:22,chat,52.12,hello i was charged twice for the same order fix this asap,payment_issue
T102411,2025-08-19 02:16:32,email,83.59,Ugh order is 28 minutes late and still not here fix this asap,late_delivery
T102412,2025-08-09 00:08:15,email,37.29,"where is my order, it said it would arrive 45 minutes ago can i get a refund",late_delivery
T102413,2025-09-22 15:45:53,chat,39.22,URGENT: MY TIP WAS TAKEN TWICE CAN I GET A REFUND,payment_issue
T102416,2025-08-31 23:23:39,chat,32.03,"hey support, still waiting on my food, the eta keeps moving. also driver ignored the drop off instrcutions thanks",late_delivery
T102417,2025-09-08 04:45:15,chat,70.44,Ugh my tip was taken twice,payment_issue
T102418,2025-08-20 18:51:31,email,48.2,urgent: refund was approved 3 days ago but never hit my card can i get a refund,payment_issue
T102419,2025-08-29 00:24:07,chat,12.26,"hey support, order is 21 mintues late and still not here. also it keeps saying my email is not regisetred",late_delivery
T102422,2025-08-24 14:42:13,chat,70.33,"Hey support, dasher asked me to cancel the order seocnd time this week",dasher_feedback
T102423,2025-09-26 15:49:39,email,24.62,Order #732891: my tip was taken twice can i get a refund,payment_issue
T102424,2025-08-26 12:15:32,chat,54.52,food finally showed up cold after over an hour. also cant log in to my account,late_delivery
T102426,2025-09-14 06:31:29,email,31.27,"oredr #504357: this is not my order, i got someone elses food",wrong_order
T102427,2025-08-06 21:36:27,app_form,113.42,"order #391526: still waiting on my food, the eta keeps moving this is ridiculous",late_delivery
T102428,2025-09-03 10:22:48,chat,73.13,the dasher was really rude to me at the door please help,dasher_feedback
T102429,2025-08-11 02:09:52,chat,9.3,"hi, completely wrong order delivered to me. also promo code did not apply at checkout second time this week",wrong_order
T102430,2025-09-29 07:08:29,chat,16.8,"refund was approved 11 days ago but never hit my card. also where is my odrer, it said it would arrive 20 minutes ago",payment_issue
T102431,2025-08-17 19:17:43,email,84.24,order #664787: no chicken sandwich in my delivery can i get a refund,missing_item
T102433,2025-08-31 07:35:29,app_form,112.29,"Hi, only got 3 of the 4 items i paid for",missing_item
T102434,2025-09-24 09:07:57,chat,36.67,"order #137202: this is not my order, i got someone elses food please help",wrong_order
T102436,2025-08-05 04:11:32,chat,43.13,"dasher left my food at the wrong building. also restaurant left out the garlic bread, want the money back for it",dasher_feedback
T102437,2025-08-26 22:37:01,email,25.99,urgent: the bag had a different name on it,account_access
T102438,2025-08-04 02:58:05,email,42.26,Hello cant log in to my account,account_access
T102439,2025-08-14 07:43:07,app_form,81.87,i was charged twice for the same order,payment_issue
T102440,2025-09-18 03:26:52,chat,70.3,order is 28 mniutes late and still not here please help,late_delivery
T102441,2025-09-16 14:54:23,chat,102.74,"hi, the dasher was really rude to me at the door can i get a refund",dasher_feedback
T102442,2025-08-20 14:10:14,chat,24.88,"hey support, card got declined but the money still left my account second time this week",payment_issue
T102443,2025-09-13 09:02:41,email,79.43,Urgent: received dumplings instead of the dumplings please help,wrong_order
T102447,2025-09-11 00:58:56,app_form,39.1,order #447768: charged $27 but the app showed a lwoer total second time this week,payment_issue
T102449,2025-08-26 12:53:26,chat,31.37,lgoged out and now it will not let me sign back in thanks,account_access
T102451,2025-09-12 09:59:37,email,70.38,order #509192: it keeps saying my email is not registered,account_access
T102452,2025-09-22 09:05:19,email,34.66,"hello where is my order, it said it would arrive 47 minutes ago",late_delivery
T102454,2025-09-24 05:26:42,chat,52.13,"hi, my order came without the milkshake fix this asap",missing_item
T102455,2025-09-15 21:14:53,chat,46.78,"where is my order, it said it would arrive 51 mintues ago please help",late_delivery
T102458,2025-08-18 05:08:58,chat,104.53,"hi, they forgot my chicken sandwich again thanks",missing_item
T102461,2025-08-24 10:23:59,app_form,52.09,ugh order is 41 minutes late and still not here this is ridiculous,late_delivery
T102462,2025-08-17 06:26:10,chat,73.71,"Hey support, i was charged twcie for the same order second time this week",payment_issue
T102463,2025-09-29 12:16:49,email,104.97,ugh order is 26 minutes late and still not here,late_delivery
T102464,2025-09-09 19:19:45,chat,86.26,"HI, FOOD FINALLY SHOWED UP COLD AFTER OVER AN HOUR PLEASE HELP",late_delivery
T102465,2025-09-22 13:52:18,chat,87.4,"Where is my order, it said it would arrive 55 mintues ago please help",late_delivery
T102466,2025-08-05 01:45:03,chat,17.81,"Ugh where is my order, it said it would arrive 48 minutes ago can i get a refund",late_delivery
T102467,2025-09-02 02:26:28,app_form,41.91,"hi, the bag had a different name on it thanks",wrong_order
T102469,2025-09-10 08:11:11,chat,22.68,i ordered the milkshake but they sent drink thanks,wrong_order
T102472,2025-08-01 15:40:54,email,56.63,hello driver ignored the drop off intsructions. also charged $25 but the app showed a lower total plaese help,dasher_feedback
T102473,2025-09-17 10:52:08,chat,71.94,"where is my order, it said it would arrive 42 minutes ago this is ridiculous",late_delivery
T102474,2025-09-07 12:46:44,chat,94.8,"hi, logged out and now it will not let me sign back in please help",account_access
T102475,2025-08-02 11:32:30,chat,56.97,"hey support, cant log in to my account thanks",account_access
T102477,2025-09-09 18:18:53,chat,91.97,ugh dasher asked me to cancel the order. also it kepes saying my email is not registered second time this week,dasher_feedback
T102478,2025-09-22 08:30:44,chat,22.65,ORDER IS 30 MINUTES LATE AND STILL NOT HERE CAN I GET A REFUND,late_delivery
T102479,2025-08-13 07:17:09,chat,56.23,the dasher was really rude to me at the door fix this asap,dasher_feedback
T102480,2025-08-04 13:47:31,email,80.62,"hey support, charged $84 but the app showed a lower total fix this asap",payment_issue
T102481,2025-08-27 17:52:04,email,63.14,"Hi, dasher has not moved on the map for 49 minutes fix this asap",late_delivery
T102482,2025-09-13 21:07:29,chat,104.72,Order #404927: estimated arrival went from 40 to 63 minutes fix this asap,late_delivery
T102483,2025-09-27 12:06:46,email,54.06,"hi, the delivery person marked it delivered but never came very disappointed",dasher_feedback
T102484,2025-08-24 17:45:09,chat,34.57,"order #101214: this is not my order, i got someone elses food",wrong_order
T102485,2025-08-23 03:14:32,app_form,57.45,my tip was taken twice,payment_issue
T102486,2025-09-09 11:02:45,chat,89.25,"hi, order is 42 minutes late and sitll not here",late_delivery
T102487,2025-09-06 00:48:06,chat,9.1,"hey support, it keeps saying my email is not registered",account_access
T102489,2025-09-10 17:55:52,chat,97,hello dasher left my food at the wrong building,dasher_feedback
T102490,2025-09-10 05:38:26,chat,75.08,DASHER HAS NOT MVOED ON THE MAP FOR 49 MINUTES,late_delivery
T102491,2025-09-21 18:25:31,app_form,24.61,"HELLO WRNOG ITEMS, NOTHING MATCHES MY RECEIPT",wrong_order
T102492,2025-08-22 05:06:50,chat,91.27,They forgot my drink again please help,missing_item
T102493,2025-08-17 18:54:37,email,10.51,"hey support, my account got locked after i changed my phone number fix this asap",account_access
T102494,2025-09-17 06:46:39,app_form,64.83,the fries was not in the bag thanks,missing_item
T102495,2025-08-29 01:45:14,email,97.91,Order #755940: charged $76 but the app showed a lower total thanks,payment_issue
T102496,2025-09-12 22:14:49,app_form,65.07,order #325767: only got 1 of the 6 items i paid for fix this asap,missing_item
T102497,2025-09-27 14:57:43,chat,89.31,completely wrong order delivered to me,wrong_order
T102498,2025-08-29 09:10:02,app_form,97.37,Only got 2 of the 5 items i paid for thanks,missing_item
T102500,2025-08-03 14:28:19,chat,82.56,Refund was approved 4 days ago but never hit my card fix this asap,payment_issue
T102501,2025-08-08 10:09:20,app_form,13.91,"hey support, logged out and now it will not let me sign back in thanks",account_access
T102502,2025-09-24 15:55:10,email,69.6,Order #986542: i was charged twice for the same order please help,payment_issue
T102505,2025-08-16 04:16:14,chat,47.61,"restaurant left out the sauce, want the money back for it second time this week",missing_item
T102506,2025-08-21 03:11:05,app_form,84.44,"hi, logged out and now it will not let me sign back in second time this week",account_access
T102507,2025-08-17 20:03:50,chat,47.68,THE DELIVERY PERSON MARKED IT DELIVERED BUT NEVER CAME VERY DISAPPOINTED,dasher_feedback
T102508,2025-08-01 19:10:41,app_form,110.73,received milksahke instead of the chicken sandwich. also dasher asked me to cancel the order this is ridiculous,wrong_order
T102510,2025-09-26 09:46:52,email,58.25,"hi, food finally showed up cold after over an hour can i get a refund",late_delivery
T102512,2025-08-18 11:55:43,email,36.07,ORDER #259136: IT KEEPS SAYING MY EMAIL IS NOT REGISTERED,account_access
T102513,2025-08-13 21:00:29,email,71.57,"hey support, food finally showed up cold after over an hour this is ridicuolus",late_delivery
T102514,2025-09-11 01:30:29,app_form,72.1,ugh only got 3 of the 5 items i paid for very disappointed,missing_item
T102515,2025-09-11 03:13:10,chat,88.91,only got 3 of the 5 items i paid for thanks,missing_item
T102516,2025-08-28 22:33:01,app_form,52.58,"Hi, bag was sealed but the dumplings was missing. also wrong items, nothing matches my receipt",missing_item
T102520,2025-08-24 03:12:20,email,114.54,My tip was taken twice can i get a refund,payment_issue
T102522,2025-08-21 22:38:02,app_form,18.87,order #819306: completely wrong order dleivered to me,wrong_order
T102523,2025-08-09 08:52:57,app_form,110.92,"hey support, still waiting on my food, the eta keeps moving can i get a refund",payment_issue
T102525,2025-08-03 21:48:46,chat,108.62,"hi, refund was approved 11 days ago but never hit my card. also received sauce instead of the drink fix this asap",payment_issue
T102527,2025-08-03 22:42:25,chat,44.39,"Hi, dasher asked me to cancel the order secnod time this week",dasher_feedback
T102529,2025-08-15 07:44:51,chat,50.04,Hello refund was approved 12 days ago but never hit my card thanks,payment_issue
T102531,2025-08-11 09:59:50,email,44.42,hello only got 2 of the 4 ietms i paid for can i get a refund,missing_item
T102534,2025-09-09 15:46:11,chat,47.73,charged $35 but the app showed a lower total thanks,payment_issue
T102535,2025-09-23 08:55:53,email,59.11,Ugh the delivery person marked it delivered but never came,dasher_feedback
T102536,2025-08-24 14:41:53,chat,13.65,"Hey support, driver ignored the drop off instrcutions please help",dasher_feedback
T102537,2025-08-01 16:59:32,chat,34.1,order #447596: they forgot my burrito again,missing_item
T102538,2025-09-16 15:22:56,app_form,100.97,hello dasher left my food at the wrong buildign. also the delivery person marked it delivered but never came,dasher_feedback
T102539,2025-08-03 14:41:02,chat,25.55,order #838917: the garlic bread was not in the bag. also the dasher was really rude to me at the door this is ridiculous,missing_item
T102540,2025-09-14 04:38:24,app_form,76.92,card got declined but the money still left my account this is ridiculous,payment_issue
T102541,2025-08-17 00:55:54,chat,31.42,my tip was taken twice,payment_issue
T102543,2025-08-12 04:07:14,email,18.06,ugh i ordered the pad thai but they sent burrito,wrong_order
T102546,2025-09-12 07:31:37,chat,18.26,"hey support, food finally showed up cold after over an hour this is ridiculous",late_delivery
T102549,2025-08-02 01:58:35,email,105.08,bag was sealed but the side of rice was missing,missing_item
T102550,2025-08-24 01:25:48,chat,53.71,"refund was approved 6 days ago but never hit my card. also where is my order, it said it would arrive 51 minutes ago this is ridiculous",payment_issue
T102551,2025-08-21 12:33:18,chat,76.69,"HEY SPUPORT, STILL WAITING ON MY FOOD, THE ETA KEEPS MOVING THIS IS RIDICULOUS",late_delivery
T102552,2025-09-12 11:39:09,app_form,48.99,order #415935: no salad in my delivery thanks,missing_item
T102553,2025-08-11 17:01:33,email,115.23,THE DUMPLINGS WAS NOT IN THE BAG CAN I GET A REFUND,missing_item
T102554,2025-09-09 19:55:58,app_form,102.63,order #253405: card got declined but the money still left my account very disappointed,payment_issue
T102555,2025-09-03 17:31:15,chat,21.44,hello driver ignored the drop off instructions very disappointed,dasher_feedback
T102556,2025-08-19 12:37:19,email,33.05,Order #871650: only got 2 of the 5 items i paid for this is ridiculous,missing_item
T102557,2025-09-17 01:12:20,app_form,31.13,hello received milkshake instead of the dumplings second time this week,wrong_order
T102558,2025-08-02 06:18:19,email,52.44,Estimated arrival went from 46 to 87 minutes second time this week,late_delivery
T102560,2025-08-03 05:23:31,app_form,24.94,"Hey support, completely worng order delievred to me this is ridiculous",wrong_order
T102563,2025-09-20 06:51:51,chat,76.98,urgent: logged out and now it will not let me sign back in second time this week,account_access
T102564,2025-09-04 00:16:34,app_form,28.48,Urgnet: i was charged twice for the same order can i get a refund,payment_issue
T102565,2025-09-14 06:18:28,app_form,25.67,order #345354: charged $77 but the app showed a lower total,payment_issue
T102568,2025-09-06 14:01:38,chat,39.11,"wrong items, nothing matches my receipt can i get a refund",wrong_order
T102569,2025-09-18 15:37:50,email,46.93,Order #123694: it keeps saying my email is not registered,account_access
T102570,2025-08-01 12:36:31,email,37.81,Order #272977: my tip was taken twice thanks,payment_issue
T102571,2025-09-17 18:34:35,email,17.8,food finally showed up cold atfer over an hour,late_delivery
T102572,2025-09-08 21:53:54,email,81.19,Order #572139: they forgot my miklshake again. also food finally shoewd up cold after over an hour,missing_item
T102573,2025-09-27 22:27:31,chat,20.45,completely wrong order delivered to me,wrong_order
T102574,2025-09-24 21:01:58,chat,16.03,"hey support, the verification code is not working",account_access
T102575,2025-08-12 23:16:44,chat,56.93,hello driver ignored the drop off instructions please help,dasher_feedback
T102576,2025-09-12 00:57:03,app_form,114.07,"restaurant left out the garlic bread, want the money back for it thanks",missing_item
T102577,2025-09-15 03:03:11,email,90.51,"hello where is my order, it said it would arrive 28 minutes ago",late_delivery
T102578,2025-09-13 17:31:40,chat,95.42,Urgent: logged out and now it will not let me sign back in. also i was charged twice for the same order this is ridiculous,account_access
T102580,2025-09-26 04:02:19,app_form,67,dasher asked me to cnacel the order this is ridiculous,dasher_feedback
T102581,2025-08-17 13:25:43,chat,111.34,order #542542: dasher has not moved on the map for 52 minutes this is ridiculous,late_delivery
T102582,2025-08-18 13:48:29,chat,24.33,"still waiting on my food, the eta keeps moving fix this asap",late_delivery
T102583,2025-08-10 01:35:00,app_form,21.02,"ugh still waiting on my food, the eta keeps moving fix this asap",late_delivery
T102584,2025-08-24 01:26:08,chat,67.61,"hi, order is 47 minutes late and still not here. also bag was sealed but the salad was missing",late_delivery
T102585,2025-08-14 17:59:15,app_form,40.2,"Hi, they forgot my fries again. also the delivery pesron marked it delviered but never came can i get a refund",missing_item
T102586,2025-09-12 19:40:19,chat,42.65,urgent: bag was sealed but the salad was missing thakns,missing_item
T102587,2025-08-04 18:28:36,chat,46.61,"hey support, my tip was taken twice fix this asap",payment_issue
T102589,2025-08-06 01:13:16,chat,50.07,urgent: estimated arrival went from 39 to 72 minutes second time this week,late_delivery
T102590,2025-09-21 06:14:21,chat,10.78,charged $58 but the app showed a lower total thanks,payment_issue
T102591,2025-09-23 22:11:19,app_form,60.92,"hey support, food finally showed up cold after over an hour",late_delivery
T102593,2025-09-19 21:46:10,chat,64.79,UGH MY ACCOUNT GOT LOCKED AFTER I CHANGED MY POHNE NUMBER,account_access
T102594,2025-08-25 22:40:29,chat,81.66,estimated arrival went from 23 to 60 minutes,late_delivery
T102595,2025-09-16 12:16:39,app_form,24.26,"hi, restauarnt left out the milkshake, want the money back for it this is ridiculous",missing_item
T102598,2025-08-19 08:32:24,chat,87.48,dasher has not moved on the map for 33 minutes,late_delivery
T102600,2025-08-16 19:42:15,chat,76.71,Hello refund was approved 12 days ago but never hit my card fix this asap,payment_issue
T102601,2025-08-12 11:32:56,chat,38.44,"URGENT: WORNG ITEMS, NOTHING MATCHES MY RECEIPT VERY DISAPPOINTED",wrong_order
T102602,2025-08-16 02:37:29,chat,11.12,food finally showed up cold after over an hour thanks,late_delivery
T102604,2025-08-01 05:37:19,app_form,61.42,Order #474687: the delivery person marked it delivered but never came please help,dasher_feedback
T102606,2025-09-01 00:46:59,chat,20.11,"Hi, estimated arrival went from 46 to 86 minutes fix this asap",late_delivery
T102607,2025-08-03 05:35:03,chat,90.07,order #524330: my account got locked after i changed my phnoe number,account_access
T102608,2025-08-13 11:56:11,chat,38.87,dasher asked me to cancel the order. also dahser has not moved on the map for 34 minutes fix this asap,dasher_feedback
T102611,2025-09-27 17:36:14,chat,71.94,HELLO LOGGED OUT AND NOW IT WILL NOT LET ME SIGN BACK IN. ALSO DASHER HAS NOT MOVED ON THE MAP FOR 50 MINUTES THANKS,account_access
T102612,2025-09-07 07:00:52,chat,106.47,Urgent: my account got lokced after i changed my phone number,account_access
T102613,2025-09-03 22:51:44,app_form,115.4,"order #821625: still waiting on my food, the eta keeps moving",late_delivery
T102614,2025-08-13 16:35:39,email,83.78,hello food finally showed up cold after over an hour very disappointed,late_delivery
T102615,2025-08-24 22:51:08,chat,76.45,hello estimated arrival went from 53 to 60 minutes,late_delivery
T102616,2025-08-05 16:33:04,email,27.82,Bag was sealed but the pad thai was missing very disappointed,missing_item
T102617,2025-08-09 20:46:01,app_form,84.12,"hello still waiting on my food, the eta keeps moving thanks",late_delivery
T102619,2025-09-18 05:27:56,chat,28.05,"Ugh this is not my order, i got someone eless food please help",wrong_order
T102621,2025-08-27 01:31:29,chat,50.48,Urgent: estimated arrival went from 54 to 88 minutes please help,late_delivery
T102622,2025-09-04 23:04:41,app_form,49.67,hello my order came without the burrito can i get a refund,missing_item
T102623,2025-09-14 11:56:38,email,56.23,"hi, dasher has not moved on the map for 25 minutes sceond time this week",late_delivery
T102625,2025-08-15 18:17:58,email,49.84,i was charged twice for the same order second time this week,payment_issue
T102626,2025-09-28 16:59:09,chat,112.35,only got 2 of the 4 items i paid for this is ridiculous,missing_item
T102627,2025-09-01 20:24:34,email,45.22,"hey support, my account got locked after i changed my phone number thanks",account_access
T102628,2025-08-31 16:20:17,chat,67.37,card got declined but the money still left my account,payment_issue
T102629,2025-08-22 11:48:17,app_form,77.33,"hello restaurant left out the milkshake, want the money back for it",missing_item
T102630,2025-09-29 00:22:35,chat,16.36,"Urgent: still waiting on my food, the eta keeps moving thanks",late_delivery
T102633,2025-08-09 20:16:55,chat,94.16,"hey support, still waiting on my food, the eta keeps moving thanks",late_delivery
T102635,2025-08-13 13:06:07,app_form,108.64,HLELO MY ACCOUNT GOT LOCKED AFTER I CHANGED MY PHONE NUMBER. ALSO PROMO CODE DID NOT APPLY AT CHECKOUT,account_access
T102636,2025-08-27 02:43:34,email,17.46,hello my order came without the side of rice,missing_item
T102637,2025-08-18 17:07:29,chat,107.52,"hi, they forgot my fries again please help",missing_item
T102638,2025-09-03 10:04:16,email,51.66,"Hey support, charged $53 but the app showed a lower total. also logged out and now it will not let me sign back in please help",payment_issue
T102639,2025-08-11 03:52:55,chat,21.68,Logged out and now it will not let me sign back in very disappointed,account_access
T102640,2025-08-16 08:54:50,chat,42.88,estimated arrival went from 47 to 61 minutes,late_delivery
T102641,2025-08-24 02:28:13,app_form,51.86,hello order is 46 miuntes late and still not here. also order is 48 minutes late and still not here thanks,late_delivery
T102642,2025-08-14 13:03:16,chat,80.06,Urgent: food finally showed up cold after over an hour please help,late_delivery
T102643,2025-09-02 15:58:06,email,107.69,"hi, i was charged twice for the same order fix this asap",payment_issue
T102644,2025-09-22 02:14:52,chat,25.14,ugh dasher left my food at the wrong building please help,dasher_feedback
T102646,2025-08-02 06:27:19,app_form,110.48,"order #745980: this is not my order, i got someone elses food can i get a refund",wrong_order
T102648,2025-09-29 13:00:31,app_form,115.74,Ugh dasher has not moved on the map for 34 minutes thanks,late_delivery
T102650,2025-08-12 15:24:01,chat,22.52,Ugh estimated arrival went from 46 to 86 minutes this is ridiculous,late_delivery
T102651,2025-08-16 19:55:01,app_form,86.96,urgent: no milkshake in my delivery second time this week,missing_item
T102652,2025-09-20 13:42:08,chat,83.75,"hi, the burrtio was not in the bag can i get a refund",missing_item
T102653,2025-08-10 04:59:54,chat,35.44,"Hi, they forgot my fries again please help",missing_item
T102654,2025-09-07 09:45:17,chat,28.06,no fries in my delivery,missing_item
T102655,2025-08-23 18:24:40,email,13.11,hello completely wrong order delivered to me very disappointed,wrong_order
T102656,2025-08-26 10:20:09,chat,21.26,"hey support, cahrged $27 but the app showed a lower total very disappointed",payment_issue
T102657,2025-08-22 09:05:57,chat,69.76,URGENT: CANT LOG IN TO MY ACCOUNT PLEASE HELP,account_access
T102658,2025-08-02 16:48:40,app_form,92.98,urgent: charged $55 but the app showed a lower total,payment_issue
T102660,2025-08-08 21:05:58,app_form,30.83,"order #260071: restaurant left out the chicken sandwich, want the money back for it. also food finally showed up cold after over an hour this is ridiculous",missing_item
T102661,2025-09-26 00:36:28,app_form,116.67,"Ugh dasher ate some of my second pizza, the box was opneed can i get a refund",dasher_feedback
T102663,2025-08-31 01:34:49,chat,60.98,"hey support, my tip was taken twice",payment_issue
T102665,2025-09-02 13:58:50,email,74.94,Ugh i ordered the fries but they sent burrito,wrong_order
T102666,2025-08-31 20:15:39,chat,82.21,Urgent: cant log in to my account please help,account_access
T102667,2025-08-18 10:13:16,chat,87.36,charged $44 but the app showed a lower total. also food finally showed up cold after over an hour,payment_issue
T102668,2025-08-11 14:15:19,chat,70.16,Password reest email nveer arrives second time this week,account_access
T102669,2025-08-04 12:21:21,app_form,106.98,ugh the bag had a different name on it fix this asap,wrong_order
T102670,2025-08-12 11:20:48,chat,94.2,"hi, where is my order, it said it would arrive 27 mintues ago",late_delivery
T102671,2025-09-02 11:24:25,app_form,74.16,urgent: the fries was not in the bag please help,missing_item
T102672,2025-08-21 23:26:15,email,115.94,order #566112: the dasher was really rude to me at the door fix this asap,dasher_feedback
T102674,2025-09-03 04:10:04,email,46.62,order #779036: order is 38 minutes late and still not here. also received pad thai instead of the garlic bread second time this week,late_delivery
T102675,2025-08-20 00:39:02,email,34.03,"hey support, still waiting on my food, the eta keeps moving please help",late_delivery
T102676,2025-09-24 08:48:03,app_form,72.74,"HELLO BAG WAS SEALED BUT THE SECOND PIZZA WAS MISSING. ALSO STILL WAITING ON MY FOOD, THE ETA KEEPS MOVING VERY DISAPPOINTED",missing_item
T102678,2025-09-02 21:21:46,chat,105.47,"HEY SUPPORT, REFUND WAS APPROVED 4 DAYS AGO BUT NEVER HIT MY CARD",payment_issue
T102679,2025-09-20 06:39:22,chat,49.52,"hi, the bag had a different name on it",wrong_order
T102681,2025-09-28 18:09:10,email,87.12,"hey support, only got 1 of the 5 items i paid for can i get a refund",missing_item
T102683,2025-08-02 23:18:38,chat,107.9,"ORDER #741509: THE VERIFICATION CODE IS NOT WORKING. ALSO STILL WAITING ON MY FOOD, THE ETA KEEPS MOVING VERY DISAPPOINTED",account_access
T102684,2025-09-22 13:20:16,app_form,18.03,"hi, the drink was not in the bag tahnks",missing_item
T102685,2025-09-16 05:13:19,chat,37.72,urgent: food finally showed up cold after over an hour,late_delivery
T102686,2025-09-15 02:05:31,app_form,40.64,order #267895: dasher has not moved on the map for 22 minutes this is ridiculous,late_delivery
T102687,2025-09-05 11:21:16,email,46.65,"hi, i ordered the drink but they sent milkshake. also restaurant left out the milkshake, want the money back for it fix this asap",wrong_order
T102689,2025-08-03 04:00:31,email,42.91,"URGENT: RESTAURANT LEFT OUT THE MILKSHAKE, WANT THE MONEY BACK FOR IT SECOND TIME THIS WEEK",missing_item
T102690,2025-08-30 17:31:23,app_form,44.06,"hi, still waiting on my food, the eta keeps moving. also i was charged twice for the same order second time this week",late_delivery
T102691,2025-08-23 09:25:28,chat,102.15,Hello order is 54 minutes late and still not here second time this week,late_delivery
T102692,2025-08-25 09:21:13,chat,51.97,order #205615: the dasher was really rude to me at the door,dasher_feedback
T102693,2025-08-22 22:04:56,email,15.19,order #635194: the chicken sandwich was not in the bag can i get a refund,missing_item
T102694,2025-09-19 01:28:39,app_form,107.89,ugh dasher has not moved on the map for 27 minutes. also i was charged twice for the same order thanks,late_delivery
T102695,2025-08-07 14:16:08,email,117.68,"urgent: where is my order, it said it would arrive 46 minutes ago very disappointed",late_delivery
T102696,2025-09-27 20:53:28,app_form,81.61,"hi, restaurant left out the pad tahi, want the money back for it please help",missing_item
T102697,2025-08-18 11:43:35,app_form,105.41,Ugh i ordered the burrito but they sent pad thai thanks,wrong_order
T102698,2025-09-03 22:48:41,chat,112.69,"hey support, promo code did not apply at checkout second time this week",payment_issue
T102699,2025-08-17 10:25:47,chat,109.41,"they forgot my sacue again. also restaurant left out the dumplings, want the mnoey back for it this is ridiculous",missing_item
T102700,2025-09-14 19:53:10,app_form,45.77,"urgent: where is my order, it said it would arrive 32 minutes ago second time this week",late_delivery
T102701,2025-08-10 06:32:26,email,48.9,hlelo dasher has not moved on the map for 32 minutes,late_delivery
T102702,2025-08-22 12:44:05,app_form,73.81,urgent: food finally showed up cold after over an hour this is ridiculous,late_delivery
T102703,2025-08-03 11:08:20,chat,106.58,"urgent: still waiting on my food, the eta keeps moving",late_delivery
T102704,2025-09-05 12:05:18,email,64.29,"order #891234: this is not my order, i got someone elses food",wrong_order
T102705,2025-08-19 22:12:51,email,35.82,hello estimated arrival went from 26 to 90 minutes please help,late_delivery
T102706,2025-09-21 08:25:42,chat,92.19,the verifciation code is not working thanks,account_access
T102707,2025-09-06 21:37:18,chat,15.49,"hey support, logged out and now it will not let me sign back in fix this asap",account_access
T102708,2025-08-26 04:59:59,email,89.01,"wrong items, nothing matches my receipt fix this asap",wrong_order
T102709,2025-09-16 17:47:05,chat,16,"hi, food finally showed up cold after over an hour very disappointed",late_delivery
T102710,2025-08-26 09:54:27,email,115.69,"hi, my order came without the second pizza",missing_item
T102711,2025-08-07 23:16:02,chat,58.16,"HI, STILL WAITING ON MY FOOD, THE ETA KEEPS MOVING FIX THIS ASAP",late_delivery
T102712,2025-09-09 16:58:48,chat,111.94,"HELLO STILL WAITING ON MY FOOD, THE ETA KEEPS MOVING VERY DISAPPOINTED",late_delivery
T102714,2025-09-16 15:35:24,email,117.02,"Hey support, where is my order, it said it would arrive 28 minutes ago",late_delivery
T102715,2025-09-27 07:52:46,email,36.82,ugh passwrod reset email never arrives fix this asap,account_access
T102716,2025-08-27 09:08:47,email,82.65,"hey support, my tip was taken twice",payment_issue
T102717,2025-08-23 20:31:33,email,49.3,ugh driver ignored the drop off instructions,dasher_feedback
T102718,2025-09-10 04:39:34,app_form,89.05,"ugh where is my oredr, it said it would arrive 38 minutes ago can i get a reufnd",late_delivery
T102719,2025-08-03 02:22:29,chat,43.5,order #887632: card got declined but the money stlil left my account,payment_issue
T102720,2025-09-13 07:17:55,app_form,39.67,order #400219: promo code did not apply at checkout,payment_issue
T102721,2025-09-07 14:04:28,chat,94.21,IT KEEPS SAYING MY EMAIL IS NOT REGISTERED FIX THIS ASAP,account_access
T102722,2025-09-10 23:30:39,chat,78.84,Dasher has not moved on the map for 20 minutes this is ridiculous,late_delivery
T102723,2025-09-05 22:34:50,app_form,104.1,"hi, still waiting on my food, the eta keeps moving",late_delivery
T102724,2025-09-15 03:07:04,chat,90.17,"hi, where is my order, it said it would arrive 21 minutes ago thanks",late_delivery
T102725,2025-08-18 00:33:21,email,45.78,Order #538061: reecived dumplings instead of the sauce can i get a refund,wrong_order
T102726,2025-08-04 19:07:55,email,37.99,THE DELIVERY PERSON MARKED IT DELIVERED BUT NEVER CAME THANKS,dasher_feedback
T102727,2025-09-06 09:38:35,chat,73.59,"urgent: where is my order, it said it would arrive 21 minutes ago",late_delivery
T102729,2025-08-29 10:18:48,email,55.7,"ugh where is my order, it said it would arrive 32 minutes ago very disappointed",late_delivery
T102731,2025-08-26 12:39:19,chat,19.96,"restaurant left out the pad thai, want the money back for it",missing_item
T102732,2025-09-26 19:23:22,app_form,92.41,"hello still waiting on my food, the eta keeps moving",late_delivery
T102733,2025-09-10 14:08:24,app_form,77.74,"HEY SUPPORT, FOOD FINALLY SHOWED UP COLD AFTER OVER AN HOUR CAN I GET A REFUND",late_delivery
T102734,2025-09-03 05:57:09,email,118.03,Urgent: password reset email never arrievs second time this week,account_access
T102736,2025-09-22 10:27:57,app_form,67.71,UGH FOOD FINALLY SHOWED UP COLD AFTER OVER AN HOUR FIX THIS ASAP,late_delivery
T102737,2025-08-14 03:37:05,app_form,116.43,Urgent: the delivery person marked it delivered but never came,dasher_feedback
T102738,2025-08-23 00:19:27,chat,113.03,URGENT: ESTIMATED ARRIVAL WENT FROM 40 TO 93 MINUTES PLEASE HELP,late_delivery
T102739,2025-09-10 20:34:54,email,60.08,"hi, food finally showed up cold after over an hour this is ridiculous",late_delivery
T102740,2025-08-10 18:16:56,chat,84.62,food finally showed up cold after over an hour very disappoitned,late_delivery
T102741,2025-09-01 21:59:58,chat,35.34,i was charged twice for the same oredr can i get a refund,payment_issue
T102742,2025-08-02 00:44:30,chat,42.64,"WHERE IS MY ORDER, IT SAID IT WOULD ARRIVE 38 MINUTES AGO",late_delivery
T102745,2025-09-13 09:17:13,app_form,99.58,order #188792: bag was sealed but the burrtio was missing please help,missing_item
T102746,2025-08-23 08:41:05,chat,20.03,I WAS CHARGED TWICE FOR THE SAME ORDER,payment_issue
T102747,2025-09-17 21:27:01,chat,112.93,hello the dasher was really rude to me at the door please help,dasher_feedback
T102748,2025-09-18 01:45:27,app_form,82.36,"HEY SUPPORT, THE DASHER WAS REALLY RUDE TO ME AT THE DOOR FIX THIS ASAP",dasher_feedback
T102749,2025-09-18 01:19:15,chat,39.43,order #226525: dasher has not moved on the map for 40 minutes please help,late_delivery
T102751,2025-09-26 10:37:12,chat,21.95,urgent: my order came without the slaad thanks,missing_item
T102753,2025-09-02 00:44:17,chat,45,"hey support, estimated arrival went from 39 to 84 minutes. also dasher left my food at the wrong building",late_delivery
T102754,2025-08-11 06:18:01,chat,41.25,"WRONG ITMES, NOTHING MATCHES MY RECEIPT SECOND TIME THIS WEEK",wrong_order
T102755,2025-09-25 03:33:11,chat,35.4,ugh the verification code is not working please help,account_access
T102757,2025-09-15 21:03:37,email,86.27,"hello dasher ate some of my drink, the box was opened thanks",dasher_feedback
T102759,2025-09-12 14:43:04,email,59.63,Dasher has not moved on the map for 45 minutes can i get a refund,late_delivery
T102760,2025-08-28 00:47:47,email,28,completely wrong order delivered to me this is ridiculous,wrong_order
T102761,2025-09-29 11:40:18,chat,19.53,order #942624: promo code did not apply at checkout very disappointed,payment_issue
T102763,2025-09-29 21:47:06,chat,76.33,"ugh still waiting on my food, the eta keeps moving",late_delivery
T102765,2025-08-19 01:11:38,email,58.82,"urgent: still waiting on my food, the eta keeps moving",dasher_feedback
T102766,2025-09-26 12:45:54,chat,17.57,ugh the bag had a different name on it. also dasher asked me to cancel the order thanks,wrong_order
T102768,2025-08-12 02:12:18,chat,26.74,bag was sealed but the second pizza was missing this is ridiculous,missing_item
T102769,2025-09-06 01:58:00,app_form,28.01,ugh no burrito in my delivery can i get a refund,missing_item
T102773,2025-09-20 14:19:48,email,100.4,"hi, the dasher was really rude to me at the door second time this week",dasher_feedback
T102776,2025-08-22 18:20:13,email,94.84,hello dasher asked me to canecl the order please help,dasher_feedback
T102777,2025-09-09 03:00:03,email,21.28,urgent: they forgot my salad again very disappointed,missing_item
T102778,2025-08-21 20:17:16,email,106.12,urgent: they forgot my drink again,missing_item
T102780,2025-09-29 07:44:17,app_form,52.45,urgent: order is 40 minutes late and still not here this is ridiculous,late_delivery
T102781,2025-08-08 03:01:34,app_form,113.37,the verification code is not wroking this is ridiculous,account_access
T102783,2025-08-09 04:30:36,chat,57.25,hello food finally showed up cold after over an hour can i get a refund,late_delivery
T102785,2025-08-25 22:49:43,email,9.51,Urgent: order is 24 minutes late and still not here can i get a refund,late_delivery
T102786,2025-08-14 01:44:36,chat,64.32,"hi, i ordered the second pizza but they sent chicken sandwich. also i was charged twice for the same order",wrong_order
T102787,2025-09-12 08:52:13,chat,96.25,"hi, dasher has not moved on the map for 45 minutes",late_delivery
T102789,2025-08-10 16:02:09,chat,106.84,"Hi, this is not my order, i got someone elses food second time this week",wrong_order
T102791,2025-09-02 04:24:20,chat,11.9,"HI, BAG WAS SEALED BUT THE DUMPLINGS WAS MISSING",missing_item
T102792,2025-08-25 04:00:00,app_form,102.69,"hi, i ordered the pad thai but they sent burrito can i get a refund",wrong_order
T102794,2025-08-30 11:12:00,chat,49.91,"hi, i was charged twice for the same order. also charged $41 but the app showed a lower total tahnks",payment_issue
T102795,2025-09-15 17:23:59,chat,84.32,urgent: no sauce in my delivery,missing_item
T102796,2025-08-21 14:13:25,email,25.71,"order #838185: still waiting on my food, the eta keeps moving second time this week",late_delivery
T102797,2025-08-09 17:45:06,chat,87.23,"Urgent: still waiting on my food, the eta keeps moving",late_delivery
T102798,2025-09-11 22:06:53,email,86.41,HELLO DASHER HAS NOT MOVED ON THE MAP FOR 25 MINTUES CAN I GET A REFUND,late_delivery
T102799,2025-09-13 15:41:38,chat,59.85,PROMO CODE DID NOT APPLY AT CHECKOUT SECOND TIME THIS WEEK,payment_issue
T102800,2025-09-22 14:29:18,chat,71.8,Urgent: received dumpilngs instead of the salad. also received seocnd pizza instead of the side of rice this is ridiculous,wrong_order
T102802,2025-09-13 21:12:23,email,37.22,hello cant log in to my account second time this week,account_access
T102803,2025-08-04 00:12:47,chat,72.49,"hey support, dasher ate some of my side of riec, the box was opened please help",dasher_feedback
T102804,2025-09-12 18:20:57,chat,87.61,hello dasher has not moved on the map for 51 minutes thanks,late_delivery
T102806,2025-08-31 18:32:31,chat,106.79,urgent: estimated arrival went from 46 to 82 minutes can i get a refund,late_delivery
T102807,2025-08-06 13:28:07,app_form,54.58,"HELLO RESTUARANT LEFT OUT THE CHICKEN SANDWICH, WANT THE MONEY BACK FOR IT CAN I GET A REFUND",missing_item
T102808,2025-09-04 01:08:21,chat,78.84,"hi, bag was sealed but the side of rice was missing this is ridiculous",missing_item
T102809,2025-08-27 06:44:44,email,119.02,"hi, order is 30 minutes late and still not here very disappointed",late_delivery
T102810,2025-09-21 11:07:50,app_form,67.5,"where is my order, it said it would arrive 48 minutes ago thanks",late_delivery
T102812,2025-09-10 22:35:43,chat,104.71,"hi, dasher asked me to cancel the order thanks",dasher_feedback
T102813,2025-09-17 04:44:36,chat,119.95,"hi, dasher has not moved on the map for 37 mniutes. also received salad instead of the dumplings fix this asap",late_delivery
T102817,2025-08-01 16:52:40,chat,72.29,urgent: bag was sealed but the burrito was missing. also logged out and now it will not let me sign back in this is ridiculous,missing_item
T102818,2025-09-11 01:50:32,chat,86.08,urgent: my tip was taken twice this is ridiculous,payment_issue
T102819,2025-08-05 07:50:10,chat,35.2,urgent: dsaher has not moved on the map for 39 minutes very disappointed,late_delivery
T102820,2025-09-17 13:55:13,email,80.29,hello bag was sealed but the dumplings was missing pelase help,missing_item
T102822,2025-08-13 12:58:41,chat,75.71,Hello promo code did not apply at checkout,payment_issue
T102823,2025-08-04 07:45:53,email,91.11,HELLO ESTIMATED ARRIVAL WENT FROM 55 TO 61 MINUTES. ALSO IT KEEPS SAYING MY EMIAL IS NOT REGISTERED CAN I GET A REFUND,late_delivery
T102825,2025-08-17 00:30:53,chat,9.43,"where is my order, it said it would arrive 42 minutes ago. also the bag had a different name on it second time this week",late_delivery
T102826,2025-08-04 00:07:16,chat,18.21,urgent: pormo code did not apply at checkout can i get a refund,payment_issue
T102827,2025-08-10 15:52:33,chat,57.99,Urgent: completely wrong order delivered to me,wrong_order
T102829,2025-09-05 01:54:30,chat,47.59,ugh cant log in to my account,account_access
T102830,2025-09-05 05:25:46,chat,99.14,driver ignored the drop off instructions. also refund was approved 8 days ago but never hit my card thanks,dasher_feedback
T102831,2025-08-12 20:59:24,chat,97.97,"hey support, this is not my order, i got someone elses food second time this week",wrong_order
T102832,2025-09-21 16:47:45,app_form,16.58,chraged $50 but the app showed a lower total,payment_issue
T102833,2025-08-18 21:16:31,chat,51.23,hello dasher left my food at the wrong building thanks,dasher_feedback
T102836,2025-08-31 23:36:35,chat,107.55,"still waiting on my food, the eta keeps moving fix this asap",late_delivery
T102837,2025-08-09 04:11:15,chat,15.71,"urgent: still waiting on my food, the eta keeps moving",late_delivery
T102838,2025-08-02 14:20:09,chat,91.82,hello the verification code is not working can i get a refund,account_access
T102839,2025-09-24 22:34:38,app_form,91.16,ugh order is 23 minutes late and still not here,late_delivery
T102841,2025-09-09 01:09:19,app_form,48.66,My order came without the drink fix this asap,missing_item
T102842,2025-08-19 00:06:29,email,82.15,"Hey support, where is my order, it said it would arrive 55 minutes ago second time this week",late_delivery
T102843,2025-09-29 02:41:38,email,57.34,"hey support, still waiting on my food, the eta keeps moving. also the verification code is not working very disappointed",late_delivery
T102844,2025-08-28 05:02:28,chat,54.05,Bag was sealed but the fries was missing thanks,missing_item
T102847,2025-08-20 17:48:05,chat,114.26,Ugh i was charged twice for the same order,payment_issue
T102850,2025-08-08 08:49:19,app_form,110.57,ugh dasher has not moved on the map for 50 minutes. also order is 39 minutes late and still not here,late_delivery
T102854,2025-09-12 00:38:50,chat,54.33,Ugh the milkshake was not in the bag can i get a refund,missing_item
T102856,2025-08-20 01:34:58,app_form,65.58,the verification code is not working can i get a refund,account_access
T102857,2025-08-29 11:04:28,chat,105.47,Ugh charged $29 but the app showed a lower toatl. also dasher asked me to cancel the order very disappointed,payment_issue
T102858,2025-09-26 06:27:53,app_form,117.91,"HEY SUPPROT, ORDER IS 55 MINUTES LATE AND STILL NOT HERE THANKS",late_delivery
T102860,2025-09-22 02:19:40,email,75.8,"Hey support, dasher asked me to cancel the order thanks",dasher_feedback
T102861,2025-08-13 08:35:17,chat,62.88,"hey support, food finally showed up cold after over an hour. also the dasher was really rude to me at the door",late_delivery
T102862,2025-09-09 17:22:47,chat,53.97,"food finally showed up cold after over an huor. also this is not my order, i got someone elses food fix this asap",late_delivery
T102864,2025-09-15 12:05:58,app_form,40.14,"HI, FOOD FINALLY SHOWED UP COLD AFTER OVER AN HOUR SECOND TIME THIS WEEK",late_delivery
T102865,2025-08-17 01:52:39,app_form,19.23,"HEY SUPPORT, ESTIMATED ARRIVAL WENT FROM 52 TO 82 MINUTES",late_delivery
T102869,2025-09-13 23:23:47,email,35.39,"hi, bag was sealed but the salad was missing",missing_item
T102870,2025-08-13 21:52:36,app_form,27.24,"ugh dasher ate some of my garlic bread, the box was opened",dasher_feedback
T102871,2025-08-10 17:20:10,app_form,98.28,"hey support, logged out and now it will not let me sign back in please help",account_access
T102872,2025-08-12 07:57:25,app_form,64.57,"hi, card got decilned but the money still left my account can i get a refund",payment_issue
T102873,2025-08-01 15:03:11,chat,55.51,"hey support, they forgot my pad thai again. also dasher ate some of my chicken sandwich, the box was opened this is ridiculous",missing_item
T102875,2025-08-10 05:19:49,chat,98.33,urgent: food finally showed up cold after over an hour. also logged out and now it will not let me sign back in plaese help,late_delivery
T102876,2025-09-19 11:16:59,email,14.36,ugh dasher left my food at the worng building,dasher_feedback
T102877,2025-08-21 15:56:30,chat,97.67,Ugh it keeps saying my email is not registered. also card got declined but the money still left my account very disappointed,account_access
T102878,2025-09-14 07:49:15,email,53.72,order is 29 mniutes late and still not here,late_delivery
T102880,2025-09-03 06:48:26,email,106.21,"hey support, the delivery person marked it delivered but never came. also the bag had a different name on it second time this week",dasher_feedback
T102883,2025-08-21 08:27:21,chat,60.82,"hello still waiting on my food, the eta keeps moving this is ridiculous",late_delivery
T102884,2025-09-22 00:05:50,email,45.18,ugh bag was sealed but the side of rice was missing. also bag was sealed but the sauce was missing can i get a refund,missing_item
T102885,2025-08-20 17:14:13,app_form,104.18,urgent: charged $47 but the app showed a lower total very disappointed,payment_issue
T102886,2025-08-19 16:01:35,chat,63.68,"hi, i was charged twice for the same order",payment_issue
T102887,2025-08-27 15:04:54,chat,76.72,order is 39 minutes late and still not here this is ridiculous,late_delivery
T102888,2025-08-26 08:49:02,chat,68.17,"hey support, where is my order, it said it would arrive 55 minutes ago very disappointed",late_delivery
T102889,2025-09-26 07:27:06,email,21.11,"Hey support, dasher asekd me to cancel the order please help",dasher_feedback
T102890,2025-08-28 18:28:39,app_form,107.82,Ugh food finally showed up cold after over an hour. also i ordered the pad thai but they sent side of rice this is ridiculous,missing_item
T102891,2025-08-24 21:30:10,chat,42.66,completely wrong order delivered to me,wrong_order
T102892,2025-08-13 21:15:19,chat,48.8,"hey support, the dasher was really rude to me at the door plaese help",dasher_feedback
T102893,2025-09-09 20:44:42,email,35.39,"HEY SUPPORT, COMPLETELY WRONG ORDER DELIVERED TO ME PLEASE HELP",wrong_order
T102896,2025-08-20 13:08:33,chat,106.05,"restaurant left out the dumplings, want the money back for it second time this week",missing_item
T102897,2025-09-14 16:18:33,chat,9.01,"dasher ate some of my sauce, the box was opened. also the delivery person marked it delivered but never came please help",dasher_feedback
T102898,2025-09-29 19:33:07,chat,58.62,"hey support, only got 1 of the 4 items i paid for very disappointed",missing_item
T102900,2025-09-15 16:02:58,email,24.59,"odrer #357897: restaurant left out the second pizza, want the money back for it second time this week",missing_item
T102901,2025-08-07 23:02:23,email,108.83,ugh bag was sealed but the drink was missing thanks,missing_item
T102902,2025-08-17 23:52:07,chat,114.23,HLELO I WAS CHARGED TWICE FOR THE SAME ORDER THIS IS RIDICULOUS,payment_issue
T102903,2025-08-12 06:20:20,app_form,106.45,"hello restaurant left out the fries, want the moeny back for it thanks",missing_item
T102904,2025-09-09 20:00:18,chat,109.11,"wrong items, nothing matches my receipt please help",wrong_order
T102905,2025-08-22 13:58:07,email,74.62,Cant log in to my account this is ridiculous,account_access
T102906,2025-08-10 10:12:10,chat,11.36,"Hi, card got declined but the money still left my account very disappointed",payment_issue
T102907,2025-08-29 07:28:04,email,28.83,"hey support, estimated arrival went from 40 to 66 minutes. also dasher asked me to canecl the oredr this is ridiculous",late_delivery
T102908,2025-09-02 03:01:47,chat,105.22,I was charged twice for the same order. also logged out and now it will not let me sign back in this is ridiculous,payment_issue
T102909,2025-09-19 16:49:48,email,116.59,Order #478733: cant log in to my account second time this week,account_access
T102910,2025-08-12 10:34:10,app_form,60.09,Urgent: card got declined but the money still left my account fix this asap,payment_issue
T102911,2025-09-26 14:29:33,email,70.82,"hey support, this is not my order, i got someone elses food this is ridiculous",wrong_order
T102912,2025-08-02 03:55:49,chat,13.21,"dasher left my food at the wrong building. also where is my order, it said it would arrive 35 minutes ago second time this week",dasher_feedback
T102913,2025-09-08 16:03:44,email,19.56,"Hi, charged $48 but the app showed a lower total",payment_issue
T102915,2025-08-28 01:44:37,email,13.05,hello my order came without the burrito,missing_item
T102916,2025-08-07 12:18:48,email,32.72,"hey support, dasher has not moved on the map for 34 minutes please help",late_delivery
T102917,2025-09-22 18:49:38,app_form,106.86,"where is my order, it said it would arirve 21 minutes ago thanks",late_delivery
T102918,2025-09-25 17:52:43,chat,107.65,Refund was approved 7 days ago but never hit my card,payment_issue
T102919,2025-08-22 00:36:02,email,49.17,"HI, MY ORDER CAME WITHOUT THE SALAD SECOND TIME THIS WEEK",missing_item
T102920,2025-09-06 01:35:42,chat,101.46,"urgent: whree is my order, it said it would arrive 53 minutes ago",late_delivery
T102921,2025-08-19 22:06:29,chat,85.31,"hi, food finally showed up cold after over an hour please help",late_delivery
T102922,2025-09-05 07:44:02,app_form,36.24,"Hi, still waiting on my food, the eta kepes moving second time this week",late_delivery
T102924,2025-09-27 10:28:51,chat,46.64,"Hi, promo code did not apply at checkout thanks",payment_issue
T102925,2025-08-28 16:03:33,chat,108.77,order #911824: estimated arrival went from 30 to 87 minutes very disappointed,late_delivery
T102926,2025-09-23 08:16:15,app_form,38.77,FOOD FINALLY SHOWED UP COLD AFTER OVER AN HOUR SECOND TIME THIS WEEK,late_delivery
T102927,2025-08-12 12:54:45,chat,106.1,"STILL WAITING ON MY FOOD, THE ETA KEEPS MOVING CAN I GET A REFUND",late_delivery
T102928,2025-08-19 15:58:13,email,27.25,urgent: estimated arrival went from 24 to 87 minutes,late_delivery
T102929,2025-08-30 06:18:47,chat,60.67,my tip was taken twice,payment_issue
T102930,2025-08-29 10:15:46,email,45.42,i was charged twice for the same order very disappointed,payment_issue
T102931,2025-09-11 06:28:03,chat,77.36,urgent: cant log in to my account second time this week,account_access
T102932,2025-08-09 07:47:00,email,53.57,"hi, my tip was taken twice",payment_issue
T102933,2025-08-31 05:31:11,app_form,96.56,"Hi, dasher aksed me to cancel the order. also they forgot my burrito again very disappointed",dasher_feedback
T102934,2025-08-12 11:30:11,email,16.77,"wrong items, nothing matches my receipt can i get a reufnd",dasher_feedback
T102936,2025-08-07 08:53:09,app_form,92.32,hello password reset email never arrives,account_access
T102937,2025-09-25 13:09:34,chat,42.65,urgent: i was charged twice for the same order can i get a refund,account_access
T102939,2025-09-03 20:49:18,chat,51.55,order is 32 minutes late and still not here second time this week,late_delivery
T102940,2025-09-08 05:02:34,chat,55.65,"hi, promo code did not apply at chekcout thanks",payment_issue
T102941,2025-08-21 14:32:10,chat,41.41,THE DASHER WAS REALLY RUDE TO ME AT THE DOOR THANKS,dasher_feedback
T102942,2025-09-22 07:27:27,chat,103.16,The verification code is not working can i get a refund,account_access
T102943,2025-09-17 14:12:19,app_form,37.29,CHARGED $35 BUT THE APP SHOWED A LOWER TOTAL VERY DISAPPOINTED,payment_issue
T102946,2025-08-22 20:21:39,app_form,33.11,HELLO THEY FROGOT MY PAD THAI AGAIN SCEOND TIME THIS WEEK,missing_item
T102947,2025-09-21 19:27:08,app_form,58.87,"hi, order is 27 minutes late and still not here",late_delivery
T102949,2025-08-30 23:41:51,chat,77.64,hello order is 31 minutes late and still not here second time this week,late_delivery
T102950,2025-09-29 10:49:44,app_form,86.73,ugh estimated arrival went from 55 to 63 minutes thanks,late_delivery
T102952,2025-08-24 03:28:57,chat,58.9,urgent: order is 54 minutes late and still not here fix this asap,late_delivery
T102953,2025-08-05 14:55:22,chat,47.87,"ugh wrong items, nothing mtaches my receipt thnaks",wrong_order
T102954,2025-08-10 10:09:04,app_form,23.95,order #532158: charged $84 but the app showed a lower total. also dasher left my food at the wrong building fix this asap,payment_issue
T102955,2025-09-25 23:43:46,chat,112.67,"ugh wrong items, nothing matches my receipt can i get a refund",wrong_order
T102957,2025-09-07 23:36:11,app_form,10.15,hello they forgot my salad again. also order is 23 minutes late and still not here,missing_item
T102959,2025-09-10 07:06:02,chat,58.43,Ugh the milskhake was not in the bag this is ridiculous,missing_item
T102960,2025-08-07 12:48:48,chat,118.87,"UGH WHERE IS MY ORDER, IT SAID IT WUOLD ARRIVE 21 MINUTES AGO SECOND TIME THIS WEEK",late_delivery
T102961,2025-09-16 10:15:52,app_form,11.6,order #473465: my tip was taken twice,payment_issue
T102962,2025-08-22 17:12:00,email,39.44,"hi, the dumplings was not in the bag",missing_item
T102963,2025-09-08 01:21:59,chat,114.99,ORDER #129256: I ORDERED THE DUMPLINGS BUT THEY SENT FRIES. ALSO MY ORDER CAME WITHOUT THE PAD THAI,wrong_order
T102964,2025-08-19 00:30:57,chat,86.8,Dasher asked me to cancel the order please help,dasher_feedback
T102967,2025-08-20 14:18:32,email,93.78,order #834496: driver ignored the drop off instructions can i get a refund,dasher_feedback
T102968,2025-08-21 08:33:46,email,39.27,urgent: the dasher was really rude to me at the door,dasher_feedback
T102970,2025-09-20 00:44:56,chat,62.78,ugh i was charged twice for the same order. also estimated arrival went from 47 to 65 minutes,payment_issue
T102974,2025-09-11 10:21:06,email,25.04,"HEY SUPPORT, THE BAG HAD A DIFFERENT NAME ON IT PLEASE HELP",wrong_order
T102975,2025-09-16 00:10:03,chat,106.85,"hi, dasher asked me to cancel the order thanks",dasher_feedback
T102980,2025-09-07 23:45:07,chat,98.23,"DASHER ATE SOME OF MY SIDE OF RICE, THE BOX WAS OPENED. ALSO THIS IS NOT MY ORDER, I GOT SOMEONE ELSES FOOD FIX THIS ASAP",late_delivery
T102981,2025-08-30 10:18:46,chat,57.54,my tip was taken twice can i get a refund,payment_issue
T102983,2025-09-04 09:38:01,app_form,86.39,Urgent: food finally showed up cold after over an hour,late_delivery
T102984,2025-08-29 10:48:28,chat,110.78,"hello wrong items, nothing matches my receipt very disappointed",wrong_order
T102985,2025-08-10 15:52:29,app_form,53.78,urgent: no second pizza in my delivery. also refund was approved 9 days ago but never hit my card very disappointed,missing_item
T102986,2025-08-10 16:32:16,email,22.04,Dasher asked me to cancel the order can i get a refund,dasher_feedback
T102987,2025-09-09 10:18:08,app_form,63.13,ugh i ordered the drink but they sent chicken sandwich can i get a refund,wrong_order
T102989,2025-08-21 07:49:54,chat,14.2,"hey support, still waiting on my food, the eta keeps moving. also completely wrong order delivered to me thanks",late_delivery
T102990,2025-09-25 14:07:52,chat,116.88,"order #554829: wrong items, nothing matches my receipt please help",missing_item
T102991,2025-08-14 08:25:25,chat,57.4,order #113153: refund was approved 6 days ago but never hit my card very disappointed,payment_issue
T102992,2025-08-04 19:06:50,chat,9.29,the bag had a different name on it please help,wrong_order
T102993,2025-09-27 07:23:54,app_form,36.15,Hello only got 3 of the 6 items i paid for,missing_item
T102994,2025-09-29 00:18:10,chat,66.45,"order #965261: cant log in to my account. also where is my order, it said it would arrive 20 minutes ago second time this week",account_access
T102995,2025-08-02 12:04:25,chat,51.75,hello charged $42 but the app showed a lower total,payment_issue
T102996,2025-09-15 01:50:55,app_form,55.69,hello no milkshake in my delivery,missing_item
T102998,2025-09-01 05:55:05,chat,99.65,ugh order is 34 minutes late and still not here please help,late_delivery
T102999,2025-08-06 23:51:23,chat,94.76,dasher has not moved on the map for 25 minutes pelase help,late_delivery
T103000,2025-09-18 10:24:31,chat,110.18,urgent: only got 2 of the 6 ietms i paid for can i get a refund,missing_item
T103001,2025-08-08 01:35:05,email,69.66,UGH THE VERIFICATION CODE IS NOT WORKING THANKS,account_access
T103002,2025-09-15 19:04:20,chat,55.05,dasher left my food at the wrong buidling,dasher_feedback
T103004,2025-08-14 11:06:52,chat,89.27,card got declined but the money still left my account second time this week,payment_issue
T103006,2025-08-20 14:38:39,email,66.46,no second pizza in my delivery,missing_item
T103007,2025-09-10 20:47:07,email,29.79,Hello it keeps saying my email is not registered second time this week,account_access
T103008,2025-09-11 16:01:33,chat,14.07,"order #571613: restaurant left out the milkshake, want the money back for it",missing_item
T103009,2025-08-05 07:08:10,app_form,82.94,ugh bag was sealed but the drink was missing. also bag was sealed but the garlic bread was missing,missing_item
T103011,2025-08-07 18:27:16,email,108.27,received drink instead of the side of rice,wrong_order
T103012,2025-08-21 12:21:06,email,9.41,Order #769252: the bag had a different name on it can i get a refund,wrong_order
T103013,2025-09-02 23:59:53,chat,17.13,they forgot my second pizza again second time this week,missing_item
T103014,2025-09-10 17:14:58,app_form,33.86,"hey support, dasher has not mvoed on the map for 27 minutes can i get a refund",late_delivery
T103015,2025-08-14 12:27:23,chat,35.4,"WHERE IS MY ORDER, IT SAID IT WOULD ARRIVE 51 MINUTES AGO FIX THIS ASAP",late_delivery
T103017,2025-09-04 00:41:27,chat,76.35,food finally showed up cold after over an hour please help,dasher_feedback
T103019,2025-09-09 07:12:12,chat,99.11,hello the bag had a different name on it. also only got 1 of the 4 ietms i paid for,wrong_order
T103020,2025-09-27 18:22:22,chat,25.85,"hey support, only got 1 of the 6 items i paid for",missing_item
T103021,2025-09-29 10:42:01,chat,65.81,"Hi, password reest email nveer arrives",account_access
T103022,2025-09-17 05:44:45,chat,98.68,"hey support, no dumplings in my delivery. also restaurant left out the fries, want the money back for it very disappointed",missing_item
T103023,2025-08-29 18:41:01,chat,114.93,promo code did not apply at checkout fix this asap,payment_issue
T103024,2025-09-05 19:07:33,app_form,68.16,ugh dasher asked me to cancel the order. also dasher has not moved on the map for 37 minutes please help,dasher_feedback
T103025,2025-08-26 09:15:02,chat,55.64,urgent: my order came without the sauce,missing_item
T103026,2025-08-21 01:27:29,email,10.3,My tip was taken twice fix this asap,payment_issue
T103027,2025-09-25 07:46:15,chat,58.52,hello estimated arrival went from 51 to 80 minutes very disappointed,late_delivery
T103028,2025-08-17 13:29:58,chat,99.28,DASHER LEFT MY FOOD AT THE WRONG BUILDING THANKS,dasher_feedback
T103029,2025-09-23 20:27:25,email,60.46,"HI, THE DELIVERY PERSON MARKED IT DELIVERED BUT NEVER CAME FIX THIS ASAP",dasher_feedback
T103030,2025-08-19 08:15:59,chat,79.94,ugh dasher asked me to cancel the order second time this week,dasher_feedback
T103032,2025-08-14 01:47:38,chat,113.82,rceeived second pizza instead of the burrito. also the bag had a different name on it this is ridiculous,wrong_order
T103034,2025-08-22 20:44:52,email,28.9,"hey support, received milkshake instead of the drink can i get a refund",wrong_order
T103036,2025-08-29 14:16:46,email,27.99,order #514998: i was charged twice for the same order very disappointed,payment_issue
T103038,2025-09-27 08:54:16,chat,55.76,"restaurant left out the salad, want the money back for it can i get a refund",missing_item
T103041,2025-08-09 21:17:09,chat,63.67,"hello where is my order, it said it would arrive 44 minutes ago fix this asap",late_delivery
T103043,2025-08-15 23:19:45,app_form,24.68,ORDER #556887: THE DASHER WAS REALLY RUDE TO ME AT THE DOOR FIX THIS ASAP,missing_item
T103045,2025-09-17 09:07:25,app_form,39.83,"still waiting on my food, the eta keeps moving. also the second pizza was not in the bag second time this week",late_delivery
T103046,2025-08-24 20:28:27,chat,110.43,order #789561: promo code did not apply at checkout. also estimated arrival went from 34 to 91 minutes,payment_issue
T103047,2025-08-21 08:20:57,app_form,74.7,bag was sealed but the pad thai was missing can i get a refund,missing_item
T103048,2025-09-27 07:44:10,chat,95.24,urgent: i was cahrged twice for the same order can i get a refund,payment_issue
T103050,2025-08-16 18:57:22,app_form,43.94,"urgent: restaurant left out the second pizza, want the money back for it",missing_item
T103051,2025-09-12 11:51:29,chat,36.75,refnud was approved 4 days ago but never hit my card,payment_issue
T103052,2025-08-25 22:17:47,chat,102.98,order is 52 minutes late and still not here thanks,late_delivery
T103054,2025-09-20 11:18:06,email,59.75,"order #621710: where is my order, it said it would arrive 29 minutes ago thanks",late_delivery
T103058,2025-08-30 20:59:54,email,32.8,"Hi, where is my order, it said it would arrive 34 minutes ago",late_delivery
T103059,2025-09-21 17:00:30,email,33.15,Urgent: bag was saeled but the salad was missing this is ridiculous,missing_item
T103061,2025-08-11 02:49:27,chat,54.03,urgent: card got dcelined but the money still left my account. also estimated arrival went from 53 to 87 minutes,payment_issue
T103062,2025-08-07 00:54:06,chat,69.55,my account got locked after i changed my phone number please help,account_access
T103063,2025-08-19 06:17:29,app_form,58.23,"hi, the delivery person marked it delivered but never came plesae help",dasher_feedback
T103064,2025-08-10 15:25:48,chat,41.33,"ugh dasher ate some of my salad, the box was opened very disappointed",dasher_feedback
T103065,2025-09-25 00:33:34,email,17.92,HELLO PASSWORD RESET EMAIL NEVER ARRIEVS THIS IS RIDICULOUS,account_access
T103066,2025-09-11 16:10:00,chat,26.87,"Hi, dasher asekd me to cnacel the order second time this week",dasher_feedback
T103067,2025-08-23 05:41:21,app_form,16.01,"Hey support, charged $83 but the app showed a lower total thanks",payment_issue
T103068,2025-09-04 02:38:44,email,13.44,"hi, completely wrong order delivered to me this is ridiculous",wrong_order
T103069,2025-08-13 16:52:27,chat,117.29,charged $45 but the app showed a lower total fix this asap,payment_issue
T103070,2025-09-04 05:33:58,email,28.13,ugh promo code did not apply at checkout. also it keeps syaing my email is not registeerd,payment_issue
T103072,2025-09-20 14:32:25,app_form,106.53,urgent: i ordered the milkshake but they sent fries thanks,wrong_order
T103073,2025-08-26 00:26:33,email,100.08,"Order #469057: where is my order, it said it would arrive 53 minutes ago fix this asap",late_delivery
T103074,2025-08-26 16:24:57,chat,114.92,urgent: promo code did not apply at checkout. also charegd $82 but the app showed a lower total,payment_issue
T103076,2025-08-18 10:40:31,email,32.74,ugh the salad was not in the bag this is ridiculous,missing_item
T103077,2025-08-25 02:18:36,email,60.53,"Ugh this is not my order, i got someone elses food second time this week",wrong_order
T103078,2025-09-15 02:01:09,email,32.97,hello bag was sealed but the fries was missing secnod time this week,missing_item
T103080,2025-09-19 12:14:01,chat,56.43,ugh card got declined but the money still left my account please help,payment_issue
T103081,2025-09-24 03:56:59,chat,97.41,urgent: bag was sealed but the second pizza was missing. also driver ignored the drop off instructions second time this week,missing_item
T103082,2025-08-07 07:47:10,chat,92.42,"hi, where is my order, it said it would arrive 34 minutes ago plesae help",late_delivery
T103086,2025-08-20 13:48:01,app_form,17.82,ugh estimated arirval went from 55 to 81 minutes thanks,late_delivery
T103088,2025-09-28 16:50:35,app_form,35.97,Urgent: promo code did not apply at checkout can i get a refund,payment_issue
T103092,2025-09-21 09:38:09,app_form,10.44,Ugh my order came without the drink very disappointed,missing_item
T103094,2025-08-28 09:38:00,app_form,53.52,URGENT: BAG WAS SEALED BUT THE SIDE OF RICE WAS MISSING THIS IS RIDICULOUS,missing_item
T103095,2025-08-25 18:49:31,chat,55.17,Cant log in to my account. also charged $29 but the app showed a lower total second time this week,account_access
T103096,2025-08-27 03:58:38,chat,40.18,Ugh the dasher was really rude to me at the door this is ridiculous,dasher_feedback
T103097,2025-09-10 01:06:32,chat,53.44,ORDER #988213: REFUND WAS APPROVED 8 DAYS AGO BUT NEVER HIT MY CARD THANKS,payment_issue
T103098,2025-09-08 19:01:28,chat,47.88,"hey support, this is not my order, i got someone elses food can i get a refund",wrong_order
T103099,2025-08-27 11:33:24,chat,65.88,UGH DSAHER HAS NOT MOVED ON THE MAP FOR 26 MINUTES VERY DISAPPOINTED,late_delivery
T103100,2025-09-12 01:33:37,chat,32.8,order #959609: card got declined but the money still left my account,payment_issue
T103102,2025-09-13 23:30:00,chat,114.69,"RESTAURANT LEFT OUT THE SAUCE, WANT THE MONEY BACK FOR IT FIX THIS ASAP",missing_item
T103103,2025-08-10 21:57:19,app_form,63.3,ugh no salad in my delivery very disappointed,missing_item
T103104,2025-09-24 16:27:07,email,64.26,order #764055: logged out and now it will not let me sign back in,late_delivery
T103106,2025-08-18 02:57:05,app_form,38.93,"hey supoprt, charged $49 but the app showed a lower total",payment_issue
T103108,2025-09-15 21:21:43,email,89.83,"urgent: restaurant left out the side of rice, want the money back for it",missing_item
T103109,2025-08-29 21:05:56,chat,79.5,"hello this is not my oredr, i got someone elses food very disappointed",wrong_order
T103110,2025-09-14 17:00:38,chat,75.27,hello no second pizza in my delivery. also logged out and now it will not let me sign back in fix this asap,missing_item
T103113,2025-08-20 20:38:39,chat,102.66,hello i was charged twice for the same order thanks,payment_issue
T103114,2025-09-04 11:11:06,app_form,84.18,urgent: bag was sealed but the burrito was missing plesae help,missing_item
T103116,2025-08-20 15:38:43,email,41.94,"urgent: still waiting on my food, the eta keeps moving",late_delivery
T103117,2025-09-02 11:35:01,chat,118.63,ugh no chicken sandwich in my delivery. also i ordered the dirnk but they sent milkshake fix this asap,missing_item
T103118,2025-08-21 01:34:35,chat,19.25,hello refnud was approved 8 days ago but never hit my card thanks,payment_issue
T103119,2025-08-09 14:35:15,chat,119.55,"Hey support, food finally showed up cold after over an hour please help",late_delivery
T103120,2025-09-13 05:25:29,chat,32.09,food finally showed up cold after over an hour second time this week,late_delivery
T103121,2025-08-27 23:05:32,chat,109.56,"hi, dasher left my food at the wrong building thanks",dasher_feedback
T103122,2025-08-07 06:10:27,email,20.03,"hey support, still waiting on my food, the eta keeps moving",late_delivery
T103123,2025-08-07 02:47:37,email,54.71,Urgent: order is 25 minutes late and sitll not here thanks,late_delivery
T103125,2025-08-10 14:32:02,email,117.88,"urgent: dasher ate some of my garlic bread, the box was opened fix this asap",dasher_feedback
T103126,2025-08-11 06:53:21,chat,119.72,"hey support, food finally showed up cold after over an hour thanks",late_delivery
T103127,2025-09-08 11:41:38,chat,88.64,"hey support, food finally showed up cold after over an hour can i get a refund",late_delivery
T103128,2025-08-22 04:44:37,app_form,21.59,"hey support, charged $26 but the app showed a lower total please help",payment_issue
T103130,2025-08-05 23:30:19,chat,48.76,Order #936298: the salad was not in the bag very disappointed,missing_item
T103131,2025-08-07 06:37:17,email,34.38,hello the delivery person marked it delivered but never came thanks,dasher_feedback
T103133,2025-08-24 21:13:44,chat,114.56,hello refund was approved 6 days ago but nveer hit my card thanks,payment_issue
T103135,2025-08-13 11:08:15,email,47.39,UGH REFUND WAS APPROVED 11 DAYS AGO BUT NEVER HIT MY CARD PLEASE HELP,payment_issue
T103136,2025-08-28 01:12:58,chat,65.68,"hey support, the verification code is not working thanks",account_access
T103137,2025-08-26 15:27:36,app_form,87.31,order #392018: i was charged twice for the same order this is ridiculous,payment_issue
T103138,2025-08-01 09:04:13,app_form,43.12,"restaurant left out the chicken sandwich, want the money back for it this is ridiculous",missing_item
T103139,2025-08-02 02:35:06,chat,108.09,"hi, completely wrong oredr delivered to me. also promo code did not apply at checkout this is ridiculous",wrong_order
T103140,2025-09-27 23:12:52,chat,33.94,"Hi, the dasehr was really rude to me at the door",dasher_feedback
T103141,2025-08-16 11:15:00,chat,113.34,The dasher was really rude to me at the door. also password reest email never arrives please help,dasher_feedback
T103143,2025-09-03 21:13:37,email,114.17,"dasher ate some of my dumplings, the box was opened. also they fogrot my burrito again this is ridiculous",dasher_feedback
T103144,2025-08-16 21:33:04,chat,33.99,urgent: driver ignored the drop off instructions very disappointed,dasher_feedback
T103145,2025-09-17 09:40:03,chat,10.01,dasher asked me to cancel the order thanks,dasher_feedback
T103146,2025-09-10 22:12:00,app_form,95.92,the verification code is not working thanks,account_access
T103147,2025-09-05 19:36:09,email,20.84,Order #111885: dasher has not moved on the map for 21 mniutes fix this asap,dasher_feedback
T103148,2025-08-22 14:01:45,chat,100.68,"hey support, dasher has not moved on the map for 26 minutes this is ridiculous",late_delivery
T103149,2025-08-25 01:08:29,email,15.2,order #446631: estimated arrival went from 31 to 79 minutes,late_delivery
T103150,2025-08-16 02:05:18,email,52.16,ugh estmiated arrival went from 20 to 74 mniutes. also dasher left my food at the wrong building this is ridiculous,late_delivery
T103151,2025-09-06 07:01:52,chat,74.44,"HEY SUPPORT, THE DELIVERY PEROSN MARKED IT DELIVERED BUT NEVER CAME FIX THIS ASAP",dasher_feedback
T103152,2025-09-15 17:50:54,email,112.27,completely wrong order delivered to me second time this week,wrong_order
T103153,2025-09-16 13:08:52,email,67.97,urgent: refund was approved 3 days ago but never hit my card. also driver ignored the drop off instructions this is ridiculous,payment_issue
T103154,2025-09-01 05:48:41,chat,44.55,Ugh food finally showed up cold after over an hour,late_delivery
T103155,2025-09-08 18:04:30,email,59.96,"ugh restaurant left out the sauce, want the money back for it can i get a refund",missing_item
T103156,2025-09-28 17:21:05,email,93.45,"where is my order, it said it would arrive 41 minutes ago second time this week",late_delivery
T103158,2025-09-18 14:34:34,chat,36.16,order #892829: estimated arrival went from 28 to 72 minutes,late_delivery
T103161,2025-09-09 08:20:39,app_form,41,hello cant log in to my account this is ridiculous,account_access
T103162,2025-09-23 16:06:34,chat,118.78,hello my tip was taken twice thanks,payment_issue
T103164,2025-09-21 21:47:35,chat,65.04,driver ignored the drop off instructions,dasher_feedback
T103165,2025-08-05 00:38:37,email,35.99,hello my order came without the garlic bread,missing_item
T103166,2025-08-09 07:49:20,chat,37.63,order #266072: estimated arrival went from 52 to 80 mniutes please help,late_delivery
T103167,2025-09-14 12:26:20,email,42.02,"urgent: still waiting on my food, the eta keeps moving",late_delivery
T103168,2025-08-06 02:51:54,email,90.59,order #996456: dasher left my food at the wrong building fix this asap,dasher_feedback
T103169,2025-08-13 09:50:56,app_form,79.21,order #329375: my order came without the burrito,missing_item
T103170,2025-09-22 20:51:42,chat,32.4,"ugh bag was sealed but the salad was missing. also where is my order, it said it would arrive 45 miuntes ago can i get a refund",missing_item
T103171,2025-08-06 05:09:18,email,76.81,"Order #265185: cant log in to my account. also restaurant left out the dumplings, want the money back for it please help",account_access
T103172,2025-09-23 06:14:57,app_form,78.49,ugh the bag had a different name on it. also logged out and now it will not let me sign back in can i get a refund,wrong_order
T103173,2025-08-28 13:10:01,chat,60.02,ugh the dasher was really rude to me at the door very disappointed,dasher_feedback
T103176,2025-09-11 02:46:21,email,90.36,ugh i was charged twice for the same order. also estimated arrival went from 33 to 70 minutes second time this week,payment_issue
T103177,2025-09-23 08:14:51,email,82.9,"hello order is 25 minutes late and still not here. also where is my order, it said it would arrive 49 minutes ago very disappointed",late_delivery
T103178,2025-08-17 07:56:21,chat,29.71,"urgent: still waiting on my food, the eta keeps moving second time this week",late_delivery
T103179,2025-09-10 23:45:51,email,101.85,"Dasher ate some of my drink, the box was opened second time this week",dasher_feedback
T103181,2025-08-07 10:42:22,email,95.05,"hey support, i was charged twice for the same oredr please help",payment_issue
T103182,2025-09-05 00:56:13,chat,25.17,"hi, bag was sealed but the chicken sandwich was missing very disappionted",missing_item
T103183,2025-09-16 03:54:17,email,50.21,"Hi, the delivery person marked it delivered but never came fix this asap",dasher_feedback
T103184,2025-09-01 22:51:56,chat,69.36,Hello order is 47 minutes late and still not here can i get a refund,late_delivery
T103185,2025-09-09 01:09:40,email,112.84,dasher left my food at the wrnog building second time this week,dasher_feedback
T103186,2025-09-11 03:55:05,chat,68.63,"hey support, where is my order, it said it wuold arrive 43 minutes ago can i get a refund",late_delivery
T103187,2025-08-08 17:30:52,chat,113.45,NO GARLIC BREAD IN MY DELIVERY,missing_item
T103188,2025-08-28 15:39:23,email,94.13,"Hi, i was charged twice for the same order second time this week",payment_issue
T103190,2025-09-24 09:07:55,app_form,20.1,my order came without the pad thai,missing_item
T103191,2025-09-19 13:20:43,email,16.4,The verification code is not working. also the sauce was not in the bag,account_access
T103193,2025-08-24 10:37:35,chat,79.75,hello they forgot my garlic bread again this is ridiculous,missing_item
T103194,2025-08-16 13:57:25,chat,110.93,urgent: food finally showed up cold after over an hour very disappointed,late_delivery
T103196,2025-09-22 08:20:55,chat,99.31,urgent: food finally showed up cold after over an hour thanks,late_delivery
T103197,2025-09-17 16:42:48,app_form,99.13,"hey support, dasher ate some of my milkshake, the box was opened very disappointed",dasher_feedback
T103198,2025-08-26 07:48:07,chat,25.4,order #690670: completely wrong order delivreed to me,wrong_order
T103199,2025-09-27 11:15:24,email,72.58,"urgent: this is not my order, i got someone elses food",wrong_order
T103200,2025-08-16 20:16:43,chat,51.81,"hi, password reest email never arrives thanks",account_access
T103201,2025-09-08 06:56:15,email,77.07,"hi, where is my order, it said it would arrive 33 minutes ago second time this week",late_delivery
T103202,2025-08-23 01:34:22,app_form,35.72,order #410509: dasher left my food at the wrong building. also dasher has not moved on the map for 45 minutes,dasher_feedback
T103204,2025-08-15 12:54:18,chat,55.52,HLELO MY TIP WAS TAEKN TWICE,payment_issue
T103205,2025-08-11 20:52:47,email,53.8,order #965477: only got 3 of the 6 items i paid for can i get a refund,missing_item
T103206,2025-08-29 01:27:40,chat,16.24,urgent: my account got locked after i changed my phone number,account_access
T103208,2025-08-21 22:27:44,email,55.61,"hey support, password reset email never arrives second time this week",account_access
T103209,2025-08-19 16:08:16,email,74.41,"urgent: where is my order, it said it would arrive 27 minutes ago second time this week",late_delivery
T103210,2025-09-27 12:05:55,chat,75.24,"this is not my order, i got someone elses food",wrong_order
T103211,2025-09-11 16:43:34,email,92.23,hello my order came without the sauce fix this asap,missing_item
T103212,2025-08-17 18:01:32,email,94.75,Order #689223: refund was approved 11 days ago but never hit my card very disappointed,payment_issue
T103214,2025-09-03 08:54:43,app_form,23.58,"hi, the dasher was really rude to me at the door fix this asap",dasher_feedback
T103216,2025-09-19 07:22:29,chat,22.21,"ugh still waiting on my food, the eta keeps moving this is ridiculous",late_delivery
T103217,2025-08-31 02:18:36,chat,9.47,order #809690: my account got locked after i changed my phone number second time this week,account_access
T103218,2025-09-04 23:35:09,chat,56.13,"Hey spuport, restaurant left out the dmuplings, want the money back for it. also this is not my order, i got someone elses food thanks",missing_item
T103219,2025-08-02 08:25:27,chat,23.08,"hi, i ordered the dumplings but they sent garlic bread. also wrong items, nothing matches my receipt fix this asap",wrong_order
T103221,2025-08-28 09:13:26,email,66.82,I ordered the sacue but they sent drink second time this week,wrong_order
T103222,2025-09-01 05:21:18,email,40.03,order #554237: dasher has not moved on the map for 40 minutes,late_delivery
T103223,2025-09-21 14:44:11,chat,9.44,ugh the dasher was really rude to me at the door second time this week,dasher_feedback
T103224,2025-08-25 22:48:23,email,92.29,"hey support, the dasher was really rude to me at the door fix this asap",dasher_feedback
T103225,2025-08-17 11:34:35,chat,41.12,urgent: driver ignored the drop off instructions plesae help,dasher_feedback
T103226,2025-09-15 02:50:40,chat,103.61,"this is not my order, i got someone elses food",wrong_order
T103227,2025-08-16 11:44:25,chat,49.12,Order #814614: food finally showed up cold after over an hour. also order is 20 minutes late and still not here can i get a refund,late_delivery
T103230,2025-08-10 11:34:15,chat,41.75,i was charged tiwce for the same order. also i was charged twice for the same order,payment_issue
T103231,2025-08-21 06:31:46,app_form,68.1,"hi, i was charged twice for the same order",payment_issue
T103232,2025-09-09 09:43:33,email,60.6,"hi, dasher has not moved on the map for 36 minutes",late_delivery
T103233,2025-08-05 00:57:03,chat,29.57,Ugh the pad thai was not in the bag this is ridiculous,wrong_order
T103234,2025-08-26 23:34:41,email,10.92,hello dasher has not moved on the map for 52 minutes,late_delivery
T103235,2025-09-10 23:16:02,email,119.18,dasher asked me to cancel the order,dasher_feedback
T103236,2025-08-16 04:43:12,chat,15.7,promo code did not apply at checkout. also charged $82 but the app showed a lower total thanks,payment_issue
T103237,2025-08-28 21:50:05,chat,106.61,"dasher ate some of my drink, the box was opened very disappointed",dasher_feedback
T103238,2025-09-26 23:12:39,chat,33.96,"HEY SUPPORT, THIS IS NOT MY ORDER, I GOT SOMEONE ELSES FOOD. ALSO COMPLETELY WRONG ORDER DELIVERED TO ME FIX THIS ASAP",wrong_order
T103240,2025-09-23 09:37:53,chat,66.83,"ugh still waiting on my food, the eta keeps moving please help",late_delivery
T103242,2025-09-28 12:13:24,chat,48.1,the dasher was relaly rude to me at the door. also food finally showed up cold after over an hour this is ridiculous,dasher_feedback
T103243,2025-08-17 06:29:05,email,64.77,"hey support, bag was sealed but the fries was missing this is ridiculous",missing_item
T103244,2025-09-25 04:17:22,email,11.99,"Hi, estimated arrival went from 44 to 93 minutes can i get a refund",late_delivery
T103245,2025-09-09 21:00:56,chat,30.95,"hi, order is 44 minutes late and still not here",late_delivery
T103246,2025-08-03 18:33:44,email,71.7,HELLO CHARGED $67 BUT THE APP SHOWED A LOWER TOTAL THANKS,payment_issue
T103247,2025-08-13 04:34:21,email,60.37,Order #691285: my order came without the second pizza fix this asap,missing_item
T103248,2025-09-16 14:34:55,email,112.42,ugh dasher has not moved on the map for 44 minutes this is ridiculous,late_delivery
T103250,2025-09-03 03:44:21,app_form,81.46,urgent: no milkshake in my delivery. also i was charged twice for the same order thanks,missing_item
T103251,2025-09-11 13:38:55,email,57.23,my acocunt got locked after i changed my phone number fix this asap,account_access
T103252,2025-08-06 20:50:59,email,39.77,order #762368: no side of rice in my delivery. also refund was approved 11 days ago but never hit my card fix this asap,missing_item
T103253,2025-08-01 02:21:59,app_form,42.3,"hi, my tip was taken twice",payment_issue
T103254,2025-09-26 11:09:19,chat,28.13,"Hey support, restaurant left out the drink, want the mnoey back for it",wrong_order
T103255,2025-09-05 10:20:54,email,9.88,food finally showed up cold after over an hour second time this week,late_delivery
T103256,2025-09-19 08:48:38,chat,44.01,hello completely wrong order delivered to me second time this week,wrong_order
T103257,2025-09-23 04:10:20,chat,109.91,estimated arrival went from 43 to 68 minutes,late_delivery
T103258,2025-09-22 22:37:39,email,15.86,"hello dasher ate some of my fries, the box was opened very disappointed",dasher_feedback
T103259,2025-08-17 17:46:52,email,29.07,"hello still waiting on my food, the eta keeps moving please help",late_delivery
T103260,2025-09-29 02:06:11,app_form,53.14,urgent: completely wrong oredr delivered to me very disappointed,wrong_order
T103261,2025-09-08 03:00:29,email,78.31,dasher has not moved on the map for 38 minutes very disappointed,late_delivery
T103262,2025-09-12 04:14:39,chat,64.11,"Urgent: still waiting on my food, the eta keeps moving",late_delivery
T103263,2025-08-01 10:07:51,chat,12.78,hello order is 33 minutes late and still not here thanks,late_delivery
T103265,2025-08-01 05:20:21,chat,37.89,"Hey support, logged out and now it will not let me sign back in thanks",account_access
T103267,2025-08-15 10:54:53,email,39.91,Ugh the salad was not in the bag. also cant log in to my account,missing_item
T103269,2025-08-14 20:34:59,chat,9.16,order #836859: my order came without the side of rice thanks,missing_item
T103270,2025-08-05 12:06:09,chat,71.52,hello the verification code is not working second time this week,account_access
T103272,2025-09-03 20:58:17,email,109,order #414128: only got 1 of the 6 items i paid for very disappointed,missing_item
T103273,2025-09-07 23:56:26,chat,16.3,Order #281178: they forgot my drink again can i get a refund,missing_item
T103274,2025-08-20 14:38:50,app_form,118.45,hello only got 2 of the 5 items i paid for,missing_item
T103275,2025-08-08 06:01:49,app_form,32.96,ugh the delivery person marked it delivered but never came thnaks,dasher_feedback
T103276,2025-09-04 01:41:23,chat,82.85,urgent: prmoo code did not apply at checkout thanks,payment_issue
T103277,2025-08-05 14:35:10,chat,112.67,order #939157: the dasher was really rude to me at the door. also cant log in to my account fix this asap,dasher_feedback
T103279,2025-08-17 01:11:53,app_form,105.87,received garlic bread instead of the side of rice can i get a refund,wrong_order
T103280,2025-09-03 09:27:58,app_form,97.21,urgent: i was charged twice for the same order. also it keeps saying my email is not registered,payment_issue
T103281,2025-09-17 01:19:29,app_form,57.59,Ugh i was charged twice for the same order. also dasher has not moved on the map for 37 minutes please help,payment_issue
T103282,2025-09-27 18:58:08,app_form,61.03,"HEY SUPPORT, CHARGED $43 BUT THE APP SHOWED A LOWER TOTAL CAN I GET A REFUND",payment_issue
T103283,2025-09-15 23:57:31,chat,119.55,"card got declined but the money still left my account. also where is my order, it said it would arrive 38 minutes ago can i get a refnud",payment_issue
T103284,2025-09-15 06:13:06,app_form,32.9,"restaurant left out the salad, want the money back for it this is ridiculous",missing_item
T103285,2025-09-26 06:30:17,chat,41.44,Order #705094: the milkshake was not in the bag very disappointed,missing_item
T103286,2025-09-08 10:43:51,chat,10.7,password reset emial never arrives,account_access
T103287,2025-08-23 16:12:03,chat,27.47,"hey support, the delivery person marked it delivered but neevr came thanks",dasher_feedback
T103288,2025-08-16 20:59:15,chat,111.33,THE SALAD WAS NOT IN THE BAG FIX THIS ASAP,missing_item
T103289,2025-08-30 11:02:01,email,101.34,dasher has not moved on the map for 48 minutes fix this asap,late_delivery
T103290,2025-09-06 04:19:08,chat,30.69,"hey support, the sauce was not in the bag very disappointed",missing_item
T103291,2025-08-21 16:43:18,email,106.7,"hi, no side of rice in my delivery",missing_item
T103292,2025-08-05 09:17:45,chat,36.14,UGH THE VERIFICATION CODE IS NOT WORKING THANKS,account_access
T103294,2025-08-30 17:08:22,chat,38.19,"hi, the salad was not in the bag",wrong_order
T103295,2025-08-24 14:44:11,chat,78.4,I was charged twice for the same odrer can i get a refund,payment_issue
T103296,2025-09-24 22:01:49,email,73.64,"Where is my order, it said it would arrive 52 minutes ago",late_delivery
T103297,2025-08-22 03:22:09,chat,72.12,my accuont got locked after i changed my phone number,account_access
T103298,2025-09-01 00:31:31,chat,45.28,"order #974355: still waiting on my food, the eta keeps moving. also where is my order, it said it would arrive 25 minutes ago",late_delivery
T103300,2025-08-07 10:36:23,app_form,103.3,BAG WAS SEALED BUT THE BURRITO WAS MISSING THIS IS RIDICUOLUS,missing_item
T103301,2025-08-19 12:56:39,chat,37.19,"hi, the bag had a different name on it can i get a refund",late_delivery
T103302,2025-09-15 11:41:57,chat,91.4,Hello no second pizza in my delivery fix this asap,missing_item
T103303,2025-09-04 20:45:16,chat,67.22,"hi, order is 53 minutes late and still not here. also dasher left my food at the wrong building",late_delivery
T103304,2025-09-21 22:31:23,chat,70.11,"HI, ESTIMATED ARRIVAL WENT FROM 52 TO 81 MINUTES THIS IS RIDICULOUS",late_delivery
T103305,2025-08-28 02:42:39,chat,84.59,Only got 2 of the 5 items i paid for,missing_item
T103306,2025-09-02 18:49:48,chat,61.31,order #476300: no pad thai in my delivery this is ridiculous,missing_item
T103307,2025-08-10 10:53:37,email,69.36,"hello still waiting on my food, the eta keeps moving",wrong_order
T103308,2025-08-25 02:18:27,app_form,57.81,"Where is my order, it said it would arrive 27 minutes ago thanks",late_delivery
T103309,2025-08-30 19:29:52,app_form,82.39,Urgent: cant log in to my accuont,account_access
T103310,2025-08-01 16:10:37,chat,15.34,it keeps saying my email is not registered,account_access
T103311,2025-08-30 10:10:30,chat,110.03,They forgot my drink again,missing_item
T103313,2025-09-16 09:20:33,app_form,91.94,"hi, it keeps saying my email is not registered. also promo code did not apply at checkout fix this asap",account_access
T103314,2025-09-14 15:35:25,chat,20.72,Order #120217: charged $90 but the app showed a lower total can i get a refund,payment_issue
T103316,2025-08-12 10:32:31,chat,43.37,"Still waiting on my food, the eta keeps moving. also i ordered the fries but they sent drink",late_delivery
T103317,2025-08-13 19:19:12,email,68.44,UGH BAG WAS SEALED BUT THE GARLIC BREAD WAS MISSING THANKS,missing_item
T103318,2025-09-26 09:18:13,chat,30.27,Order #150784: my tip was taken twice can i get a refund,payment_issue
T103320,2025-09-27 23:48:25,chat,34.16,Hello only got 3 of the 4 items i paid for. also reecived fries instead of the second pizza thanks,missing_item
T103322,2025-08-19 06:20:05,chat,18.93,food finally showed up cold after over an hour please help,late_delivery
T103323,2025-09-02 23:34:10,email,45.9,dasher left my food at the wrong building fix this asap,dasher_feedback
T103324,2025-09-03 21:12:03,chat,110.91,food finally showed up cold after over an hour,late_delivery
T103325,2025-08-08 11:31:25,chat,114.69,"hey support, the drink was not in the bag",missing_item
T103326,2025-08-06 16:20:15,app_form,114.41,"ugh dsaher asked me to cancel the order. also this is not my order, i got someone elses food this is ridiculous",dasher_feedback
T103327,2025-08-15 10:15:58,email,62.15,Urgent: the sauce was not in the bag,missing_item
T103332,2025-09-19 07:53:50,chat,45.28,charged $39 but the app showed a lower total,payment_issue
T103333,2025-08-27 15:19:27,email,102.37,they forgot my sauce again can i get a refund,missing_item
T103337,2025-09-20 00:00:11,chat,76.01,ugh promo code did not apply at checkout fix this asap,payment_issue
T103339,2025-08-06 00:43:32,chat,110.97,"dasher ate some of my second pizza, the box was opened second time this week",late_delivery
T103342,2025-09-26 14:29:47,app_form,23.76,"HI, MY TIP WAS TAKEN TWICE. ALSO ESTIMATED ARRIVAL WENT FROM 52 TO 92 MINUTES FIX THIS ASAP",payment_issue
T103343,2025-09-28 00:24:21,email,106.83,"Still waiting on my food, the eta keeps moving",late_delivery
T103345,2025-09-07 23:31:36,email,99.48,estimated arrival went from 54 to 81 minutes can i get a refund,late_delivery
T103347,2025-09-13 10:17:05,email,106.5,"hey supoprt, refund was approved 4 days ago but never hit my card second time this week",payment_issue
T103350,2025-08-23 12:49:05,chat,79.96,hello dasher asked me to cancel the order. also the dasher was really rude to me at the door fix this asap,dasher_feedback
T103351,2025-08-16 20:23:25,app_form,78.13,refund was approved 9 days ago but never hit my card,payment_issue
T103352,2025-09-10 09:30:45,chat,84.94,"hey support, the bag had a diffreent name on it",wrong_order
T103353,2025-08-24 02:00:33,email,10.41,"urgent: restaurant left out the milkshake, want the money back for it. also food fnially showed up cold after over an hour this is ridiculous",missing_item
T103354,2025-09-27 04:20:36,chat,78.56,"hi, it keeps saying my email is not registered. also received milkshake instead of the milkshake fix this asap",account_access
T103357,2025-09-12 12:31:09,email,20.22,"hey support, pormo code did not apply at checkout fix this asap",payment_issue
T103358,2025-08-07 03:10:37,app_form,22.57,"Order #168459: still waiting on my food, the eta keeps moving",late_delivery
T103359,2025-08-25 17:19:57,email,13.59,ugh my order came without the side of rice,missing_item
T103362,2025-08-28 07:11:58,email,99.59,"Hi, wrong items, nothing matches my receipt",wrong_order
T103365,2025-08-20 21:43:46,chat,86.49,hello cant log in to my account,account_access
T103366,2025-08-18 21:58:10,chat,95.84,"hi, i ordered the milkshake but they sent sauce pelase help",wrong_order
T103367,2025-09-14 21:02:29,app_form,12.98,"hey support, still waiting on my food, the eta keeps moving this is ridicuolus",late_delivery
T103368,2025-08-14 02:27:59,email,72.79,"Hey support, dasher ate some of my garlic bread, the box was opened",dasher_feedback
T103369,2025-09-05 08:31:05,chat,18.52,hello no second pizza in my delivery please help,missing_item
T103370,2025-09-20 23:08:16,app_form,20.37,only got 3 of the 5 ietms i paid for thanks,missing_item
T103372,2025-09-08 07:00:26,email,29.53,Urgent: charged $52 but the app showed a lower total thanks,payment_issue
T103373,2025-09-28 17:54:20,app_form,37.34,"hello still waiting on my food, the eta keeps moving very disappointed",late_delivery
T103374,2025-08-26 10:49:39,chat,73.19,food finally showed up cold after over an hour,late_delivery
T103376,2025-09-22 19:16:35,chat,31.45,order #385644: the delivery perosn marked it delivered but never came seocnd time this week,dasher_feedback
T103377,2025-08-26 14:40:20,app_form,10.84,"dasher ate some of my salad, the box was opened please help",dasher_feedback
T103378,2025-08-28 10:40:38,chat,26.8,Received sauce instead of the fries. also paswsord reset email neevr arrives,missing_item
T103379,2025-08-04 08:53:25,email,107.25,"hey suppotr, password reset email never arrives second time this week",account_access
T103380,2025-09-12 18:47:42,email,114.41,order #666279: promo code did not aplpy at checkout very disappointed,payment_issue
T103381,2025-09-29 23:16:40,email,64.55,food finally showed up cold after over an hour. also the bag had a different name on it,late_delivery
T103382,2025-09-22 23:26:14,chat,106.25,"hey support, this is not my order, i got someone elses food this is ridiculous",wrong_order
T103383,2025-08-28 13:11:08,app_form,96.96,"hi, where is my order, it said it would arrive 34 minutes ago please help",late_delivery
T103385,2025-08-05 21:47:50,chat,102.58,DASHER HAS NOT MOVED ON THE MAP FOR 29 MINUTES,late_delivery
T103387,2025-09-27 23:05:59,email,44.8,oredr is 24 minutes late and still not here,late_delivery
T103388,2025-09-10 18:15:25,app_form,69.57,"hey support, driver ignored the drop off instructions second time this week",dasher_feedback
T103389,2025-08-10 22:56:31,chat,111.14,"hi, order is 25 minutes late and still not here. also my tip was taken twice second time this week",late_delivery
T103390,2025-09-18 04:50:23,email,42.22,"hi, dasher left my food at the wrong building second time this week",dasher_feedback
T103391,2025-09-01 12:27:37,chat,13.77,"hello still waiting on my food, the eta keeps movnig second time this week",late_delivery
T103392,2025-08-12 12:49:36,app_form,84.85,dasher left my food at the wrong building. also dasher left my food at the wrong building,dasher_feedback
T103393,2025-08-07 13:15:43,email,92.52,urgent: password reest email never arrives this is ridiculous,account_access
T103394,2025-09-11 10:26:47,app_form,72.09,The bag had a different name on it thanks,wrong_order
T103395,2025-09-03 19:46:45,app_form,43.74,urgent: the delivery person marked it delivered but never came thanks,dasher_feedback
T103396,2025-09-09 11:52:28,app_form,109.73,"restaurant left out the salad, want the money back for it this is ridiculous",missing_item
T103398,2025-09-29 06:44:20,chat,53.39,"hey support, password reest email never arrives. also completely wrong order delivered to me second time this week",account_access
T103399,2025-09-25 14:04:10,chat,69.36,"hey support, my order came without the milkshake please help",missing_item
T103401,2025-08-01 06:53:35,app_form,9.72,"worng items, nothing matches my receipt fix this asap",wrong_order
T103402,2025-08-11 17:05:01,chat,35.63,Food finally showed up cold after over an hour fix this asap,late_delivery
T103403,2025-08-22 14:49:34,chat,51.05,urgent: the dasher was really rude to me at the door this is ridiculous,dasher_feedback
T103404,2025-08-08 20:39:33,chat,33.73,"hey support, refund was approved 12 days ago but never hit my card this is ridiculous",payment_issue
T103408,2025-08-29 05:03:22,chat,52.4,dasher has not moved on the map for 45 minutes fix this asap,late_delivery
T103409,2025-08-29 01:55:23,app_form,109.59,"Hello food finally showed up cold after over an hour. also this is not my order, i got someone elses food",late_delivery
T103411,2025-08-14 23:43:41,chat,20.22,my tip was taken twice second time this week,payment_issue
T103412,2025-09-08 20:44:30,chat,104.79,UGH THEY FORGOT MY SAUCE AGAIN VERY DISAPPOINTED,missing_item
T103413,2025-08-16 12:26:03,email,38.37,Ugh promo code did not apply at checkout. also i was charged twice for the same order please help,payment_issue
T103416,2025-09-17 13:05:51,chat,31.08,"hey support, the deilvery person marked it delivered but never came. also where is my order, it said it would arrive 24 minutes ago",dasher_feedback
T103418,2025-08-30 22:12:53,email,77.96,Bag was sealed but the burrito was missing this is ridiculous,missing_item
T103420,2025-08-08 23:25:50,email,92.21,food finally showed up cold after over an hour,late_delivery
T103421,2025-08-23 16:39:47,chat,111.29,order #348291: completely wrong order delivered to me can i get a refund,wrong_order
T103422,2025-09-17 22:44:50,chat,10.75,"hey support, the delivery person marked it delivered but neevr came second time this week",dasher_feedback
T103423,2025-09-03 10:31:59,app_form,116.86,Urgent: logged out and now it will not let me sign back in can i get a refund,account_access
T103425,2025-09-12 02:48:21,app_form,35.64,urgent: my account got locked after i changed my phone number. also my order came wihtout the milkshake thnaks,account_access
T103426,2025-08-19 09:02:43,chat,34.18,logged out and now it will not let me sign back in,account_access
T103427,2025-09-12 05:30:35,email,17.38,urgent: it keeps saying my email is not registered,account_access
T103428,2025-08-29 19:40:31,app_form,23.61,Hello my tip was taken twice thnaks,payment_issue
T103430,2025-08-03 23:58:44,email,37.56,UGH PROMO CODE DID NOT APPLY AT CHECKOUT,payment_issue
T103434,2025-09-18 11:07:36,email,111.58,"hello wrong items, nothing matches my receipt second time this week",wrong_order
T103435,2025-08-13 01:41:59,chat,97.3,Driver ignored the drop off instructions can i get a refund,dasher_feedback
T103436,2025-09-12 00:35:17,chat,111.24,hello food finally showed up cold after over an hour second time this week,late_delivery
T103437,2025-09-29 17:02:27,chat,63.31,"Where is my order, it said it would arrive 54 minutes ago fix this asap",late_delivery
T103438,2025-09-14 08:02:29,chat,37.58,"Hey support, promo code did not apply at checkout please help",payment_issue
T103440,2025-08-06 18:36:07,chat,30.75,"hi, restaurant left out the side of rice, want the money back for it fix this asap",missing_item
T103441,2025-08-04 02:01:24,app_form,98.89,"still waiting on my food, the eta keeps moving can i get a refund",late_delivery
T103442,2025-09-15 21:20:07,chat,26.26,hello the dasher was really rude to me at the door,dasher_feedback
T103443,2025-08-09 06:29:23,email,93.18,"this is not my order, i got someone elses food thanks",wrong_order
T103444,2025-09-22 10:31:13,chat,17.26,"hi, estimated arrival went from 40 to 94 minutes very disappointed",late_delivery
T103445,2025-09-18 13:03:51,chat,50.07,"Ugh restaurant left out the second pizza, want the mnoey back for it. also received milkshake instead of the dumplings thanks",missing_item
T103447,2025-08-01 21:50:06,chat,90.42,hello receievd sauce instead of the dumplings. also dasher left my food at the wrong building please help,wrong_order
T103448,2025-08-17 00:43:11,chat,23.8,"still waiting on my food, the eta keeps moving very disappointed",late_delivery
T103449,2025-08-22 12:35:41,chat,31.49,"this is not my order, i got someone elses food very disappointed",wrong_order
T103450,2025-09-03 02:14:18,email,104.88,"Hi, where is my order, it said it would arirve 45 minutes ago. also promo code did not apply at checkout",late_delivery
T103451,2025-09-13 08:13:51,app_form,54.94,"order #263572: where is my order, it said it would arrive 29 minutes ago please help",late_delivery
T103452,2025-09-20 12:46:20,email,63.71,"hello sitll waiting on my food, the eta keeps mvoing",late_delivery
T103453,2025-08-20 19:30:32,chat,53.5,dasher has not moved on the map for 32 minutes. also driver ignored the drop off instructions fix this asap,late_delivery
T103454,2025-09-27 02:56:31,app_form,88.13,"order #993395: wrong items, nothing matches my receipt. also promo code did not apply at checkout",wrong_order
T103455,2025-09-10 22:49:10,chat,57.73,Urgent: completely wrong order delivered to me fix this asap,wrong_order
T103456,2025-08-27 08:47:11,app_form,92.33,dasher has not moved on the map for 40 minutes,late_delivery
T103457,2025-08-07 23:18:07,chat,95.29,"hey support, pormo code did not aplpy at checkout can i get a refund",payment_issue
T103460,2025-08-11 12:49:11,chat,75.69,urgent: i was charged twice for the same order,payment_issue
T103461,2025-08-15 00:01:55,chat,20.78,"ugh where is my order, it said it would arrive 20 minutes ago thanks",late_delivery
T103462,2025-08-12 15:36:50,chat,118.32,The side of rice was not in the bag,missing_item
T103463,2025-09-13 08:34:20,chat,78.16,Hello only got 1 of the 6 items i paid for. also the sauce was not in the bag second time this week,missing_item
T103464,2025-08-22 09:10:12,email,47.26,"hey support, dasher left my food at the wrong building very disappointed",dasher_feedback
T103465,2025-08-08 19:07:42,chat,71.57,ugh my tip was taken twice this is ridiculous,payment_issue
T103467,2025-09-23 20:14:13,chat,34.33,"hi, the garlic bread was not in the bag please help",missing_item
T103468,2025-08-05 03:36:07,app_form,52.59,No burrito in my delivery,missing_item
T103469,2025-08-03 01:58:01,app_form,9.5,order #336348: the dasher was really rude to me at the door thanks,dasher_feedback
T103471,2025-08-14 19:30:29,email,12.34,"urgent: dasher ate some of my fries, the box was opened. also my order came without the dumplings this is ridiculous",account_access
T103473,2025-09-26 09:26:55,chat,26.24,"Order #900236: where is my order, it said it would arrive 31 minutes ago very disappointed",late_delivery
T103474,2025-08-03 13:31:45,chat,108.64,Ugh estimated arrival went from 47 to 60 minutes fix this asap,late_delivery
T103475,2025-09-05 01:38:15,chat,35.54,hello food finally showed up cold after over an hour very disappointed,late_delivery
T103476,2025-08-17 11:06:39,chat,72.75,"urgent: restaurant left out the chicken sandwich, want the money back for it fix this asap",missing_item
T103478,2025-09-21 08:00:13,chat,74.28,urgent: the dasher was really rude to me at the door,dasher_feedback
T103479,2025-08-02 21:56:52,chat,42.43,"Hey support, they forgot my drink again this is ridiculous",missing_item
T103480,2025-09-19 12:10:37,chat,88.2,Food finally showed up cold after over an hour. also estimtaed arrival went from 52 to 64 minutes,late_delivery
T103481,2025-08-08 10:59:28,chat,115.63,hello my order came without the sauce very disappointed,missing_item
T103482,2025-09-05 03:23:41,chat,76.01,ugh refund was approved 3 days ago but never hit my card plesae help,payment_issue
T103483,2025-08-15 13:04:53,app_form,26.54,order #914209: food finally showed up cold after over an hour,late_delivery
T103484,2025-08-25 23:20:17,chat,91.99,hello the dasher was really rude to me at the door,dasher_feedback
T103485,2025-08-23 23:25:29,app_form,48.26,i was charegd twice for the same order very disappointed,payment_issue
T103486,2025-09-16 04:56:02,chat,17.86,"hey support, the garlic bread was not in the bag thanks",missing_item
T103487,2025-09-21 13:08:55,app_form,34.57,Ugh the bag had a different name on it fix this asap,wrong_order
T103490,2025-09-17 10:30:04,chat,62.57,"Hi, lgoged out and now it will not let me sign back in. also dasehr left my food at the wrong building can i get a reufnd",account_access
T103491,2025-09-16 04:17:53,chat,96.08,hello the side of rice was not in the bag please help,missing_item
T103492,2025-08-20 23:34:29,chat,95.54,"Hi, card got declined but the money still left my account. also cant log in to my account",payment_issue
T103496,2025-08-05 17:23:57,chat,75.25,"Hi, bag was sealed but the sceond pizza was missing",missing_item
T103497,2025-09-10 00:19:14,chat,46.4,"hello where is my order, it said it would arrive 48 minutes ago",late_delivery
T103500,2025-08-27 01:41:55,chat,101.42,Ugh the burrito was not in the bag can i get a rfeund,missing_item
T103501,2025-09-07 15:15:25,chat,50.36,"hey support, wrong items, nothing matcehs my receipt thanks",wrong_order
T103503,2025-09-10 12:57:49,app_form,75.84,"hi, logged out and now it will not let me sign back in",account_access
T103505,2025-09-24 16:04:06,chat,10.23,"ORDER #817000: WEHRE IS MY ORDER, IT SAID IT WOULD ARRIVE 36 MNIUTES AGO",late_delivery
T103506,2025-09-01 15:08:55,app_form,22.96,Dasher asked me to cancel the order fix this asap,dasher_feedback
T103507,2025-09-13 21:26:06,app_form,106.65,"hey support, received side of rice instead of the pad thai. also my account got locked after i changed my phone number fix this asap",wrong_order
T103508,2025-08-28 06:13:19,chat,25.27,"ugh still waiting on my food, the eta keeps moving",late_delivery
T103510,2025-08-10 00:40:13,chat,56.95,"order #638510: still waitnig on my food, the eta keeps moving this is ridiculous",late_delivery
T103511,2025-09-10 14:32:06,email,32.18,ORDER #759474: MY ORDER CAME WITHOUT THE BURRITO,missing_item
T103512,2025-09-11 12:24:55,email,47.96,"hi, food finally showed up cold after over an hour",late_delivery
T103513,2025-08-28 06:34:45,chat,61.64,my order came without the side of rice this is ridiculous,missing_item
T103515,2025-09-09 05:20:21,chat,31.3,HELLO LOGGED OUT AND NOW IT WILL NOT LET ME SIGN BACK IN VERY DISAPPOINTED,account_access
T103516,2025-08-30 10:43:01,chat,24.13,"hi, the dasher was raelly rude to me at the door fix this asap",dasher_feedback
T103517,2025-09-22 10:30:56,chat,79.11,"wrong items, nothing mtaches my receipt. also etsimated arrival went from 21 to 76 minutes seocnd time this week",wrong_order
T103518,2025-09-26 06:52:49,chat,89.42,dasher aksed me to cancel the order can i get a refund,dasher_feedback
T103519,2025-08-22 01:52:41,chat,113.73,URGENT: DRIVER IGNORED THE DROP OFF INSTRUCTIONS. ALSO ORDER IS 32 MINUTES LATE AND STILL NOT HERE FIX THIS ASAP,dasher_feedback
T103520,2025-08-14 21:28:18,email,19.67,Uregnt: order is 25 minutes late and still not here,late_delivery
T103521,2025-09-05 10:06:14,app_form,32.16,"URGENT: WRONG ITEMS, NOTHING MATCHES MY RECEIPT THANKS",wrong_order
T103522,2025-08-27 08:34:43,chat,69.88,ugh bag was sealed but the sauce was missing fix this asap,missing_item
T103523,2025-09-29 19:35:49,app_form,35.69,Ugh logged out and now it will not let me sign back in,account_access
T103525,2025-09-21 03:35:47,chat,60.7,Dasher has not moved on the map for 33 minutes fix this asap,late_delivery
T103527,2025-08-17 08:32:37,chat,85.08,hello dasher has not moved on the map for 50 minutes,late_delivery
T103528,2025-09-13 00:24:54,app_form,50.91,urgent: the dasher was really rude to me at the door,dasher_feedback
T103529,2025-08-18 13:42:59,email,86.19,"hey support, i ordered the fries but they sent dumplings fix this asap",wrong_order
T103530,2025-09-29 03:30:13,chat,105.46,"hi, charged $69 but the app showed a lower total",payment_issue
T103531,2025-08-06 10:56:30,chat,51.9,"order #402756: dasher ate some of my dumplings, the box was opened can i get a refund",dasher_feedback
T103532,2025-08-25 23:12:40,chat,105.84,"HI, MY TIP WAS TAKEN TWICE",payment_issue
T103533,2025-08-30 14:43:07,chat,35.91,only got 2 of the 6 items i paid for fix this asap,missing_item
T103534,2025-09-09 16:49:59,app_form,111.62,ODRER #472063: RECEIVED PAD THAI INSTEAD OF THE SIDE OF RICE VERY DISAPPOINTED,wrong_order
T103536,2025-09-03 04:23:16,app_form,13.77,ugh estimated arrival went from 53 to 89 minutes very disappointed,late_delivery
T103537,2025-08-17 11:51:55,app_form,103.78,UGH IT KEEPS SAYING MY EMAIL IS NOT REGISTERED,account_access
T103538,2025-09-04 11:02:00,chat,13.17,order #271576: dasher has not moved on the map for 32 minutes please help,late_delivery
T103540,2025-08-13 03:48:32,chat,83.08,Hello it keeps saying my email is not registered please help,account_access
T103541,2025-09-06 06:35:48,chat,54.43,estimated arrival went from 53 to 69 minutes. also bag was sealed but the second pizza was missing very disappointed,late_delivery
T103542,2025-08-07 23:11:44,email,45.76,ugh completely wrong order delivered to me. also refund was approved 12 days ago but never hit my card very disappointed,wrong_order
T103543,2025-08-01 03:02:30,chat,44.85,"hey support, dasher has not moved on the map for 20 minutes this is ridiculous",late_delivery
T103545,2025-09-20 23:05:51,chat,50.62,"hey support, promo code did not apply at checkout. also still waiting on my food, the eta keeps movnig",payment_issue
T103546,2025-08-20 15:42:33,chat,89.19,"DSAHER ATE SOME OF MY SECOND PIZZA, THE BOX WAS OPENED THIS IS RIDICULOUS",dasher_feedback
T103547,2025-08-08 11:32:52,chat,67.36,refund was approved 10 days ago but never hit my card second time this week,payment_issue
T103548,2025-08-30 11:57:37,chat,63.25,urgent: the dasher was really rude to me at the door please help,dasher_feedback
T103549,2025-09-17 00:32:40,email,13.44,Order #942061: they forgot my burrito again second time this week,missing_item
T103552,2025-09-14 16:33:18,app_form,102.95,ugh food finally showed up cold after over an hour thanks,late_delivery
T103553,2025-09-14 00:51:05,chat,43.22,UGH DASHER HAS NOT MOVED ON THE MAP FOR 27 MINUTES THANKS,late_delivery
T103555,2025-08-06 15:22:11,chat,88.81,"ugh restaurant left out the side of rice, want the money back for it",missing_item
T103557,2025-08-14 10:05:42,chat,107.47,Urgent: driver ignored the drop off instructions thanks,dasher_feedback
T103558,2025-08-09 20:06:09,chat,51.58,"hi, no drink in my delivery. also wrong items, nothing matches my receipt",missing_item
T103559,2025-09-27 10:36:10,email,9.39,"order #448126: restaurant left out the drink, want the money back for it very disappointed",payment_issue
T103560,2025-08-12 11:27:56,email,41.03,bag was sealed but the garlic berad was missing,missing_item
T103561,2025-08-08 08:21:01,email,9.28,"Hi, where is my order, it said it would arrive 55 minutes ago fix this asap",late_delivery
T103562,2025-09-15 16:52:04,email,98.26,"Hello restaurant left out the salad, want the money back for it",missing_item
T103563,2025-08-26 02:03:58,chat,50.05,"hi, order is 27 minuets late and still not here fix this asap",late_delivery
T103565,2025-08-03 13:47:09,chat,65.49,"hey support, estimated arrival went from 46 to 94 minutes. also dasher ate some of my dumplings, the box was opened second time this week",late_delivery
T103567,2025-08-15 18:55:49,app_form,17.92,Bag was sealed but the pad thai was missnig fix this asap,missing_item
T103568,2025-09-23 13:50:15,chat,93.4,"hi, no side of rice in my delivery very disappointed",missing_item
T103569,2025-09-13 12:53:44,chat,57.72,My order came without the dumplings very disappointed,missing_item
T103571,2025-08-10 17:54:35,chat,76.53,ugh my account got locked after i changed my phone number very disappointed,account_access
T103572,2025-08-21 03:59:16,chat,107.92,FOOD FINALLY SHOWED UP COLD AFTER OVER AN HOUR SECOND TIME THIS WEEK,late_delivery
T103573,2025-09-18 00:14:17,chat,67.77,they forgot my pad thai aagin. also the dasher was really rude to me at the door second time this week,missing_item
T103574,2025-08-03 17:20:46,chat,33.98,order #642975: dasher asked me to cancel the order can i get a refund,dasher_feedback
T103575,2025-09-22 12:20:25,chat,27.54,order #585928: no salad in my delivery plaese help,missing_item
T103576,2025-08-04 00:43:50,chat,58.62,"Hey support, where is my order, it said it would arrive 21 minutes ago fix this asap",late_delivery
T103577,2025-09-23 19:29:25,email,94.03,it keeps saiyng my emial is not registered,account_access
T103578,2025-09-28 18:47:25,chat,30.41,"Hi, driver ignored the drop off instructions",dasher_feedback
T103579,2025-09-15 07:01:32,app_form,69.13,Order #899027: my tip was taken twcie this is ridiculous,payment_issue
T103581,2025-09-28 08:29:05,app_form,59.34,Urgent: i ordered the milkhsake but they sent milkshake fix this asap,wrong_order
T103583,2025-08-19 10:54:18,chat,62.24,ugh order is 48 minutes late and still not here this is ridiculous,late_delivery
T103584,2025-08-08 03:05:41,chat,84.96,"hi, only got 1 of the 4 items i paid for plesae help",missing_item
T103585,2025-08-21 21:12:58,chat,88.37,ugh dasher has not moved on the map for 40 minutes please help,late_delivery
T103587,2025-08-20 05:25:30,email,87.38,it keeps saying my email is not registered very disapponited,account_access
T103588,2025-08-09 21:29:30,app_form,91.19,Completely wrong order delivered to me,wrong_order
T103589,2025-09-05 09:40:03,chat,75.17,hello no milkshake in my delivery second time this week,missing_item
T103591,2025-09-11 08:33:05,email,114.23,"still waiting on my food, the eta keeps moving",late_delivery
T103592,2025-08-14 23:20:48,chat,85.6,order #764558: driver ignored the drop off instructions this is ridciulous,dasher_feedback
T103593,2025-09-17 21:42:01,email,41.85,"Hi, my order came without the fries",missing_item
T103594,2025-08-11 15:34:04,email,61.35,"hi, only got 3 of the 5 itmes i paid for. also driver ignored the drop off instructions please help",missing_item
T103595,2025-09-08 14:04:17,chat,16.07,"hi, food finally showed up cold atfer over an hour can i get a refund",late_delivery
T103596,2025-08-28 18:49:56,app_form,89.23,Ugh promo code did not apply at checkout very disappointed,payment_issue
T103598,2025-08-16 18:29:15,chat,24.5,"hello where is my order, it said it would arrive 40 minutes ago. also refund was approved 4 days ago but never hit my card please help",late_delivery
T103599,2025-09-24 15:26:39,chat,39.28,Order is 33 minutes late and still not here,late_delivery
T103600,2025-09-08 06:24:09,email,94.84,charged $39 but the app showed a lower total second time this week,payment_issue
T103601,2025-09-10 04:43:35,email,82.89,"hey support, food finally showed up cold after over an hour. also order is 23 minutes late and still not here very disapopinted",late_delivery
T103602,2025-09-06 09:33:46,chat,13.53,"hey support, estimated arrival went from 38 to 87 minutes",late_delivery
T103603,2025-09-27 17:56:10,email,53.14,hello bag was sealed but the garilc bread was missing very disappointed,missing_item
T103604,2025-09-15 22:17:16,chat,46.21,food finlaly showed up cold after over an hour please help,late_delivery
T103605,2025-09-04 19:59:17,chat,55.37,hello password reset email never arrives second time this week,account_access
T103606,2025-08-20 08:58:29,chat,118.71,Order #147827: my tip was taken twice second time this week,payment_issue
T103607,2025-08-03 12:15:53,email,31.06,ugh reecived pad thai intsead of the drink,wrong_order
T103608,2025-09-15 06:18:28,chat,40.19,"hi, only got 1 of the 6 items i paid for. also the second pizza was not in the bag",missing_item
T103609,2025-09-21 21:43:20,app_form,84.64,"urgent: this is not my order, i got someone elses food please help",dasher_feedback
T103610,2025-09-14 13:18:37,chat,99.25,"Hi, i was charged twice for the same odrer this is ridiculous",payment_issue
T103611,2025-08-09 12:39:08,app_form,53.29,uregnt: the dasher was really rude to me at the door can i get a refund,dasher_feedback
T103613,2025-09-19 10:12:10,app_form,26.24,my tip was taken twice please help,payment_issue
T103615,2025-08-06 15:07:13,chat,39.04,hello the dasher was really rude to me at the door,dasher_feedback
T103617,2025-08-20 10:25:33,email,73.45,"still waiting on my food, the eta keeps moving fix this asap",late_delivery
T103618,2025-08-18 21:58:25,chat,29.13,URGENT: THE BAG HAD A DIFFERENT NAME ON IT PLEASE HELP,wrong_order
T103620,2025-09-27 12:56:16,email,79.21,Dasher has not moved on the map for 20 minutes,late_delivery
T103621,2025-08-21 16:27:36,app_form,45.1,"HEY SUPPORT, STILL WAITING ON MY FOOD, THE ETA KEEPS MOVING THANKS",late_delivery
T103622,2025-08-20 02:05:56,chat,47.4,ugh the chicken sandwich was not in the bag. also only got 2 of the 4 items i paid for,missing_item
T103623,2025-08-06 02:17:04,app_form,110.69,"Hi, my account got locked after i changed my phone number",account_access
T103624,2025-08-30 20:09:51,chat,31.48,"HEY SPUPORT, CHARGED $65 BUT THE APP SHOWED A LOEWR TOTAL FIX THIS ASAP",payment_issue
T103628,2025-09-17 02:05:16,email,40.71,"order #449969: logged out and now it will not let me sign back in. also this is not my order, i got someone elses food",account_access
T103629,2025-08-22 09:40:58,chat,38.63,Ugh dasher asked me to cnacel the order,dasher_feedback
T103630,2025-09-05 16:26:19,app_form,118.56,ugh my account got locked after i changed my pohne number fix this asap,account_access
T103631,2025-09-28 09:41:24,chat,100.99,"ugh wrong items, nothing matches my receipt",wrong_order
T103632,2025-08-30 07:59:17,chat,55.36,"Hey support, dasher asked me to cancel the order second time this week",dasher_feedback
T103635,2025-08-01 18:49:17,chat,43.03,"still waiting on my food, the eta keeps moivng thanks",late_delivery
T103636,2025-09-02 03:27:04,app_form,75.8,Cant log in to my account please help,account_access
T103638,2025-09-22 13:48:18,chat,17.45,urgent: only got 3 of the 5 items i paid for can i get a refund,missing_item
T103639,2025-09-29 21:15:42,chat,79.89,order #193364: the dasher was really rude to me at the door,dasher_feedback
T103640,2025-08-29 11:14:29,email,87.4,"hi, i was charged twice for the same order can i get a refund",payment_issue
T103641,2025-08-10 14:19:50,chat,65.14,"hey support, no chicken sandwich in my dleivery second time this week",missing_item
T103642,2025-08-19 07:26:26,chat,88.47,"STILL WAITING ON MY FOOD, THE ETA KEEPS MOVING VERY DISAPPOINTED",late_delivery
T103644,2025-09-25 07:09:53,email,115.7,"hey support, dasher has not moevd on the map for 51 minutes. also dasher aksed me to cancel the order very disappointed",late_delivery
T103646,2025-08-11 08:00:56,chat,92.82,ugh password reset email never arrives please help,account_access
T103647,2025-08-01 03:29:14,app_form,87.13,Urgent: received salad instead of the burrito can i get a refund,wrong_order
T103648,2025-09-21 09:34:34,chat,107.4,"ugh where is my order, it said it would arrive 25 minutes ago",late_delivery
T103649,2025-08-16 11:34:19,chat,86.17,order #112945: estimated arrival went from 40 to 73 minutes. also cant log in to my account,late_delivery
T103650,2025-09-15 23:20:08,app_form,64.43,UGH CARD GOT DECLINED BUT THE MOENY STILL LEFT MY ACCOUNT,payment_issue
T103652,2025-08-10 08:07:24,email,78.99,Received milkshake instead of the garlic bread thanks,wrong_order
T103653,2025-09-23 17:40:01,app_form,105.33,ugh charged $81 but the app showed a lower total very disappointed,payment_issue
T103655,2025-08-29 00:08:16,email,68.51,RECEIVED SIDE OF RICE INSTEAD OF THE CHICKEN SANDWICH VERY DISAPPOINTED,wrong_order
T103657,2025-09-06 07:51:32,email,78.54,Hello my tip was taken twice,payment_issue
T103658,2025-08-10 00:02:30,app_form,54.5,urgent: driver ignored the drop off instructions please help,dasher_feedback
T103659,2025-09-12 00:47:03,chat,88.37,"Urgent: still waiting on my food, the eta keeps moving",late_delivery
T103660,2025-08-14 21:33:30,chat,97.81,ugh only got 2 of the 5 items i paid for thanks,missing_item
T103661,2025-08-29 07:30:09,app_form,29,"order #535645: sitll waiting on my food, the eta keeps moving tahnks",late_delivery
T103662,2025-08-20 06:33:43,chat,65.99,"ugh restaurant left out the salad, want the money back for it. also driver ignored the drop off instructions can i get a refund",missing_item
T103663,2025-09-07 20:59:47,chat,63.79,Estimated arrival went from 20 to 76 minutes thanks,late_delivery
T103664,2025-09-14 17:17:11,email,71.72,"Ugh where is my order, it said it would arrive 49 minutes ago",late_delivery
T103665,2025-09-19 01:08:16,email,90.77,ugh charged $48 but the app showed a lower total fix this asap,payment_issue
T103667,2025-09-21 03:34:44,chat,110.66,Urgent: my tip was taken twice very disappionted,payment_issue
T103669,2025-08-16 22:47:17,app_form,30.29,URGENT: THE BAG HAD A DIFFEERNT NAME ON IT FIX THIS ASAP,wrong_order
T103671,2025-09-02 20:53:38,app_form,27.66,"hello dasher ate some of my chciken sandwich, the box was opened thanks",dasher_feedback
T103672,2025-09-26 02:44:02,email,53.81,"hi, they forogt my salad again second time this week",missing_item
T103674,2025-08-20 01:51:50,chat,75.69,ugh dasher has not moved on the map for 54 minutes this is ridiculuos,late_delivery
T103676,2025-09-19 08:09:49,chat,90.86,Driver ignored the drop off instructions please help,dasher_feedback
T103679,2025-08-30 03:54:07,chat,112.38,odrer is 27 minutes late and still not here very disappointed,late_delivery
T103681,2025-08-20 08:08:05,chat,21.5,"hi, card got declined but the money still left my account please help",payment_issue
T103682,2025-09-22 22:02:13,app_form,32.86,ORDER #211976: CANT LOG IN TO MY ACCOUNT,account_access
T103684,2025-08-18 18:24:09,email,46.9,"hi, the bag had a different name on it",wrong_order
T103686,2025-08-09 04:55:45,chat,80.79,ugh card got declined but the money still left my account please help,payment_issue
T103687,2025-09-13 22:35:47,email,78.44,hello the fries was not in the bag,missing_item
T103688,2025-08-15 02:31:20,email,74.61,food finally showed up cold after over an hour can i get a refund,late_delivery
T103689,2025-08-06 01:07:38,chat,55.95,"Urgent: restaurant left out the milkshake, want the money back for it second time this week",missing_item
T103690,2025-08-02 11:08:07,app_form,49.25,"hey support, dasher has not moevd on the map for 22 miuntes can i get a refund",late_delivery
T103691,2025-09-18 13:18:12,chat,50.32,"Hey support, order is 53 minutes late and still not here",dasher_feedback
T103692,2025-09-07 09:35:33,app_form,17.76,Ugh the verification code is not working,account_access
T103693,2025-09-14 20:28:40,email,97.62,"HI, THEY FORGOT MY SECOND PIZZA AGAIN PLEASE HELP",missing_item
T103694,2025-09-12 16:29:02,app_form,49.66,order #862134: dasher has not moved on the map for 48 minutes fix this asap,late_delivery
T103695,2025-09-17 18:04:11,chat,48.78,Hello cant log in to my account thanks,account_access
T103696,2025-09-08 09:46:02,app_form,94.32,the dasher was really rude to me at the door. also logged out and now it will not let me sign back in please help,dasher_feedback
T103698,2025-08-21 15:43:46,chat,89.39,"HELLO STILL WAITING ON MY FOOD, THE ETA KEEPS MOVING THANKS",late_delivery
T103700,2025-08-17 04:00:43,email,118.62,Hello the chicken sandwich was not in the bag second time this week,missing_item
T103701,2025-08-08 13:14:44,app_form,54.34,"hey support, the verification code is not working fix this asap",account_access
T103702,2025-08-03 22:31:03,email,73.88,THE VERIFICATION CODE IS NOT WORKING. ALSO COMPLETELY WRONG ORDER DELIVERED TO ME CAN I GET A REFUND,account_access
T103704,2025-08-26 07:07:30,email,87.86,hello refund was approved 12 days ago but never hit my card please help,payment_issue
T103705,2025-09-20 04:31:06,email,67.29,"hi, order is 31 minutes late and still not here please help",late_delivery
T103706,2025-09-11 22:26:18,chat,91.48,"Password reset email never arrives. also still waiting on my food, the eta keeps movnig thanks",account_access
T103708,2025-08-12 18:31:51,chat,73.17,ugh only got 3 of the 5 items i paid for can i get a refund,missing_item
T103712,2025-08-29 22:28:31,chat,13.62,order #916253: my account got locked after i changed my phone number thanks,account_access
T103714,2025-08-25 10:34:59,chat,77.47,"ugh where is my order, it said it would arrive 48 minutes ago second time this week",late_delivery
T103715,2025-08-17 01:27:55,email,108.21,Hlelo the dasher was really rude to me at the door,dasher_feedback
T103716,2025-09-05 05:50:12,chat,39.85,my tip was taken twcie can i get a refund,payment_issue
T103718,2025-09-04 06:44:24,chat,20.56,order #547092: no garlic bread in my delivery thanks,missing_item
T103719,2025-08-04 01:11:41,app_form,104.66,"Hi, promo code did not apply at checkout",payment_issue
T103720,2025-08-21 15:34:40,app_form,73.95,Hello password reset email never arrvies fix this asap,account_access
T103721,2025-08-03 09:18:25,chat,111.4,ugh they forgot my second pizza again,missing_item
T103724,2025-09-14 07:37:01,email,25.51,ugh food finally showed up cold after over an hour,late_delivery
T103727,2025-08-23 04:43:20,email,105.91,"Hi, no fries in my delivery very disappointed",missing_item
T103728,2025-08-30 04:51:29,app_form,59.59,"HEY SUPPORT, CARD GOT DECLIEND BUT THE MONEY STILL LEFT MY ACCOUNT",payment_issue
T103730,2025-09-05 10:25:27,chat,69.72,"urgent: still waiting on my food, the eta keeps moving very disappointed",late_delivery
T103731,2025-09-06 19:28:14,chat,58.63,estimated arrival went from 21 to 70 minutes this is ridiculous,late_delivery
T103732,2025-09-27 01:41:06,email,102.42,hello logged out and now it will not let me sign back in can i get a refund,account_access
T103733,2025-09-07 18:24:13,chat,51.93,ugh the pad thai was not in the bag,missing_item
T103734,2025-08-20 17:45:51,app_form,58.55,promo code did not apply at checkout,payment_issue
T103735,2025-09-03 13:49:45,chat,71.15,food finally showed up cold after over an hour,late_delivery
T103736,2025-08-30 07:26:48,chat,45.37,"Where is my order, it said it would arrive 23 minutes ago can i get a refund",late_delivery
T103739,2025-08-30 23:41:17,email,102,"ugh wrong items, nothing matches my receipt. also where is my order, it said it wuold arrive 53 minutes ago",wrong_order
T103740,2025-08-04 09:23:06,chat,16.6,"hey support, my account got locked after i changed my phone number this is riidculous",account_access
T103741,2025-09-05 15:50:02,chat,111.6,"order #765484: the delivery person mraked it delivered but nveer came. also restaurant left out the garlic bread, want the money back for it",dasher_feedback
T103742,2025-08-09 21:05:56,chat,27.98,urgent: my acocunt got locked after i changed my phone number thanks,account_access
T103743,2025-08-18 13:14:12,chat,33.8,urgent: received salad isntead of the chicken sandwich thanks,wrong_order
T103744,2025-09-16 11:42:16,email,34.62,They forgot my sauce aagin this is ridiculous,missing_item
T103745,2025-08-30 16:15:34,app_form,53.41,"hi, still waiting on my food, the eta keeps moving fix this asap",late_delivery
T103746,2025-08-06 17:23:35,chat,46.09,"Ugh this is not my order, i got someone elses food very disappointed",wrong_order
T103747,2025-08-12 06:44:57,app_form,118.12,"hi, they forgot my salad again",missing_item
T103748,2025-09-07 14:57:47,app_form,62.22,"hi, completely wrong order delivered to me",dasher_feedback
T103749,2025-08-16 14:14:18,chat,90.58,"hey support, card got declined but the money still left my account",payment_issue
T103750,2025-09-17 16:18:56,chat,9.02,"Hey support, the verification code is not working thanks",account_access
T103751,2025-09-24 08:00:40,app_form,45.05,"hello promo code did not apply at checkout. also restaurant left out the salad, want the money back for it please help",payment_issue
T103752,2025-09-22 19:06:31,app_form,90.97,HELLO MY ORDER CAME WITHOUT THE SAUCE,late_delivery
T103753,2025-08-12 23:31:42,email,68.89,"dasher ate some of my dumplings, the box was opened. also bag was sealed but the side of rice was missing fix this asap",dasher_feedback
T103757,2025-09-04 13:22:50,chat,89.43,"Hi, refund was aprpoved 9 days ago but never hit my card second time this week",payment_issue
T103758,2025-09-09 19:28:25,email,37.4,hello the dumplings was not in the bag second time this week,missing_item
T103759,2025-09-07 20:48:34,email,106.82,charged $72 but the app showed a lower total fix this asap,payment_issue
T103763,2025-09-09 03:10:08,chat,55.15,"Order #503666: whree is my order, it said it would arrive 36 minutes ago",late_delivery
T103764,2025-08-14 13:44:26,chat,56.41,"URGENT: STILL WAITING ON MY FOOD, THE ETA KEEPS MOVING FIX THIS ASAP",late_delivery
T103766,2025-09-19 13:39:28,chat,73.77,"Hi, it keeps saying my email is not registered",account_access
T103767,2025-09-19 12:21:07,chat,55.07,Dirver ignored the drop off instructions can i get a refund,dasher_feedback
T103768,2025-09-09 16:05:01,app_form,95.61,Order #276948: only got 3 of the 4 items i paid for,missing_item
T103769,2025-08-19 01:49:24,email,24.53,order #636783: it keeps saying my email is not registered second time this week,account_access
T103770,2025-08-05 19:35:56,chat,17.72,"hey support, dasher has not moved on the map for 51 minutes. also the verification code is not working second time this week",late_delivery
T103771,2025-08-29 10:31:27,email,62.99,"hello dasher ate some of my garlic bread, the box was opened",dasher_feedback
T103772,2025-09-04 00:17:30,app_form,11.2,"hey support, bag was saeled but the side of rice was missing. also food finlaly showed up cold after over an hour fix this asap",missing_item
T103773,2025-09-07 04:42:47,chat,94.74,promo code did not apply at checkout second time this week,payment_issue
T103774,2025-09-01 17:08:01,chat,79.28,"order #135312: where is my order, it said it would arrive 35 minuets ago can i get a refund",late_delivery
T103776,2025-09-04 01:54:17,chat,60.16,"STILL WAITING ON MY FOOD, THE ETA KEEPS MOVING CAN I GET A REFUND",late_delivery
T103777,2025-09-01 18:40:38,chat,75.35,"HEY SUPPORT, WRONG ITEMS, NOTHING MATCHES MY RECEIPT SECOND TIME THIS WEEK",wrong_order
T103778,2025-09-21 05:12:10,chat,78.28,"hello where is my order, it said it would arrive 42 minutes ago fix this asap",late_delivery
T103779,2025-08-06 20:11:31,app_form,79.42,"hey support, i was charged twice for the same order thanks",payment_issue
T103781,2025-08-19 21:06:14,app_form,40.06,order #127116: estimated arrival went from 40 to 73 minutes. also the delievry pesron marked it delivered but never came please help,late_delivery
T103782,2025-08-18 22:34:49,chat,94.4,"Where is my order, it said it would arrive 53 minutes ago second time this week",late_delivery
T103783,2025-08-28 07:21:04,chat,85.88,Driver ignored the drop off instructions this is ridiculuos,dasher_feedback
T103784,2025-08-04 20:01:06,chat,41.27,"hi, charged $45 but the app showed a lower total",payment_issue
T103786,2025-08-28 10:44:42,chat,28.7,order #423795: only got 3 of the 6 items i paid for please help,missing_item
T103787,2025-08-11 02:37:30,email,21.71,Order #615633: refund was approevd 3 days ago but never hit my card please help,payment_issue
T103789,2025-08-10 12:50:59,chat,51.91,PROMO CODE DID NOT APPLY AT CHECKOUT CAN I GET A REUFND,payment_issue
T103791,2025-09-18 11:05:40,chat,100.28,hello the dasher was really rude to me at the door. also logged out and now it will not let me sign back in fix this asap,missing_item
T103792,2025-09-17 09:42:13,chat,92.1,order #540656: recevied pad thai instead of the chicken sandwich this is ridiculous,wrong_order
T103793,2025-09-05 03:33:51,chat,101.36,"hi, dasher ate some of my sauce, the box was opened second time this week",dasher_feedback
T103794,2025-08-01 10:35:14,app_form,39.81,"Hey support, completely wrong order delivered to me thanks",wrong_order
T103799,2025-09-09 15:38:12,email,111.16,urgent: food finally showed up cold after over an hour very disappointed,late_delivery
T103800,2025-08-12 12:36:52,email,37.06,Urgent: only got 3 of the 6 items i paid for,missing_item
T103801,2025-08-21 03:32:15,email,89.22,hello i was charged twice for the same order,payment_issue
T103802,2025-09-29 13:49:03,email,82.34,"hi, no drink in my delivery. also the milksahke was not in the bag second time this week",missing_item
T103803,2025-09-26 22:41:05,chat,110.87,"HI, BAG WAS SEALED BUT THE PAD THAI WAS MISSING SECOND TIME THIS WEEK",missing_item
T103805,2025-08-01 00:58:49,chat,95.28,"order #583785: dasher ate some of my drink, the box was opened thanks",dasher_feedback
T103807,2025-09-05 13:05:09,email,96.75,Ugh my account got locked after i changed my phone number can i get a refnud,account_access
T103808,2025-09-04 20:25:58,chat,53.89,no pad thai in my delivery can i get a refund,missing_item
T103811,2025-09-24 20:33:00,app_form,93.22,order #334610: my tip was taken twice. also i was charged twice for the same order please help,payment_issue
T103812,2025-08-08 04:19:23,email,11.25,Dasher asked me to cancel the order can i get a refund,dasher_feedback
T103813,2025-08-02 11:44:43,email,62.47,"still waiting on my food, the eta keeps moving",late_delivery
T103814,2025-09-03 21:45:54,app_form,68.31,"Order #647127: wehre is my order, it said it would arrive 22 minutes ago",late_delivery
T103815,2025-08-11 16:43:20,chat,100.96,ugh my tip was taken twice,payment_issue
T103816,2025-09-07 22:56:01,app_form,27.56,hlelo order is 41 minutes late and still not here. also received dumplings instead of the sauce this is ridiculous,late_delivery
T103817,2025-08-28 15:38:42,chat,94.51,"HEY SUPPORT, THE PAD THAI WAS NOT IN THE BAG",missing_item
T103818,2025-09-13 22:56:35,chat,103.89,hello the delivery person marked it delivered but never came thanks,dasher_feedback
T103819,2025-08-27 12:28:24,app_form,18.83,"hey spuport, bag was sealed but the second pizza was missing. also food finally showed up cold after over an hour",missing_item
T103820,2025-08-06 10:49:23,email,69.09,Urgent: estimated arrival went from 27 to 77 minutes. also the dasher was really rude to me at the door can i get a refund,late_delivery
T103821,2025-09-03 04:38:02,chat,26.53,Order #196279: my order came without the pad thai thanks,missing_item
T103822,2025-08-16 13:39:18,chat,56.5,"hey support, cant log in to my acconut can i get a refund",account_access
T103823,2025-09-04 05:10:30,chat,41.87,"hi, my account got locked after i changed my phone number. also completely wrong order delivered to me",account_access
T103824,2025-09-25 09:48:37,app_form,10.22,"hi, the pad thai was not in the bag this is ridiculous",missing_item
T103825,2025-09-21 17:37:33,chat,42.66,hello my odrer came without the chicken sandwich fix this asap,missing_item
T103826,2025-08-18 13:31:06,chat,75.14,my order came without the garlic bread this is ridiculous,missing_item
T103827,2025-08-10 22:35:43,chat,65.82,"hi, restaurant left out the burrito, want the money back for it",missing_item
T103828,2025-08-27 21:18:04,chat,15.05,food finally showed up cold after over an hour fix this asap,late_delivery
T103829,2025-09-13 11:46:39,chat,40.38,"Hey support, they forgot my saald again thanks",missing_item
T103830,2025-08-26 01:39:09,chat,57.67,Password reset email never arrives very disappointed,account_access
T103832,2025-09-14 17:08:38,email,11.75,ugh my tip was taken twice fix this asap,payment_issue
T103833,2025-08-06 06:10:28,email,61.2,urgent: estimated arrival went from 36 to 74 minutes very disappointed,late_delivery
T103834,2025-09-29 16:11:30,chat,25.87,"Hi, i was charged twice for the same order",payment_issue
T103836,2025-08-30 17:10:57,chat,67.03,"hey support, charged $49 but the app showed a lower total",payment_issue
T103837,2025-08-12 12:26:28,app_form,70.91,"hi, cant log in to my account can i get a refund",account_access
T103838,2025-09-23 02:10:49,chat,64.07,urgent: estimated arrival went from 49 to 73 minutes,late_delivery
T103839,2025-09-12 07:45:31,chat,38.37,hello dasher left my food at the wrong building. also the sauce was not in the bag,dasher_feedback
T103840,2025-08-30 12:19:13,chat,20.81,urgnet: cant log in to my account second time this week,account_access
T103841,2025-08-09 02:04:04,chat,22.54,dasher has not moved on the map for 25 minutes this is ridiculous,late_delivery
T103844,2025-08-01 23:10:10,chat,112.81,food finally showed up cold after over an hour fix this asap,late_delivery
T103845,2025-08-05 02:27:37,chat,43.62,"hey support, this is not my order, i got someone elses food. also only got 2 of the 4 items i paid for this is ridiculous",wrong_order
T103846,2025-08-05 02:19:24,email,19.81,ugh my tip was taken twice,payment_issue
T103847,2025-09-10 02:46:52,chat,32.39,Ugh cant log in to my account very disappointed,account_access
T103848,2025-08-29 10:41:16,app_form,36.03,order is 38 minutes late and still not here thanks,late_delivery
T103849,2025-09-18 23:33:14,app_form,10.63,"still waiting on my food, the eta keeps moving. also only got 1 of the 6 items i paid for",late_delivery
T103850,2025-09-27 21:24:07,chat,54.52,the delivery pesron marekd it delivered but neevr cmae. also the verification code is not working very disappointed,dasher_feedback
T103851,2025-08-11 23:58:27,email,111.74,bag was sealed but the pad thai was missing,missing_item
T103852,2025-09-21 19:34:17,app_form,36.12,ugh card got declined but the money still left my account thanks,payment_issue
T103854,2025-08-18 03:28:16,email,23.22,"still waiting on my food, the eta keeps mvoing please help",late_delivery
T103855,2025-08-13 17:29:31,email,97.08,Hello charged $62 but the app showed a lower total seocnd time this week,payment_issue
T103856,2025-08-27 18:59:11,app_form,103.84,"HEY SUPPORT, RESTAURANT LEFT OUT THE SAUCE, WANT THE MONEY BACK FOR IT FIX THIS ASAP",missing_item
T103858,2025-08-07 16:08:58,chat,21.33,ugh the dasher was really rude to me at the door second time this week,dasher_feedback
T103859,2025-09-17 22:35:30,chat,18.35,Order #425096: the dsaher was really rude to me at the door this is ridiculous,dasher_feedback
T103861,2025-08-06 04:54:50,chat,23.94,the delivrey person marked it delivered but never came thanks,dasher_feedback
T103862,2025-08-31 20:52:08,chat,11.29,urgent: i was charged tiwce for the same order very disappointed,payment_issue
T103863,2025-09-14 17:49:14,chat,101.55,Ugh promo code did not apply at checkout very disappointed,payment_issue
T103865,2025-09-02 20:27:05,chat,83.46,bag was sealed but the dumplings was missing very disappointed,missing_item
T103866,2025-09-10 19:06:19,chat,39.73,"hello where is my order, it said it would arrive 37 minutes ago very disappointed",late_delivery
T103867,2025-09-05 06:29:27,email,16.87,card got declined but the money still left my account this is ridiculous,payment_issue
T103868,2025-09-01 03:40:05,email,16.46,the burrito was not in the bag fix this asap,missing_item
T103871,2025-09-15 02:47:38,app_form,72.51,"where is my order, it said it would arrive 27 miuntes ago this is ridiculous",late_delivery
T103872,2025-09-01 05:35:33,chat,48.14,"order #117942: where is my order, it said it would arrive 28 minutes ago. also completely wrong order delivered to me can i get a refund",late_delivery
T103874,2025-08-30 03:50:59,email,108.83,URGENT: BAG WAS SEALED BUT THE DUMPLINGS WAS MISSING FIX THIS ASAP,missing_item
T103876,2025-08-20 06:13:56,email,73.27,password reset email never arrives thanks,account_access
T103879,2025-09-23 13:55:24,app_form,83.82,"Hi, estimated arrival went from 21 to 83 minutes",late_delivery
T103880,2025-08-19 10:14:57,app_form,33.86,"hi, where is my order, it said it would arrive 51 minutes ago. also dasher has not moved on the map for 21 minutes",late_delivery
T103881,2025-08-09 13:59:24,chat,48.26,ugh my oredr came without the fries very disappointed,missing_item
T103884,2025-09-13 14:08:10,app_form,87,Order #777588: order is 53 minutes late and still not here,late_delivery
T103885,2025-09-21 10:46:43,chat,109.98,ugh i was charged twice for the same order fix this asap,payment_issue
T103886,2025-08-04 10:42:34,app_form,59.02,"urgent: where is my order, it said it would arrvie 35 minutes ago fix this asap",late_delivery
T103887,2025-08-17 04:35:11,chat,10.64,completely wrong odrer delivered to me thanks,wrong_order
T103889,2025-08-10 01:21:11,chat,61.75,"ORDER #818085: I ORDERED THE DRINK BUT THEY SENT PAD THAI. ALSO THIS IS NOT MY ORDER, I GOT SOMEONE ELSES FOOD SECOND TIME THIS WEEK",wrong_order
T103890,2025-09-29 17:30:27,chat,30.83,"Wrong items, nothing matches my receipt thanks",wrong_order
T103891,2025-08-02 19:20:51,email,100.87,urgent: my tip was taken twice fix this asap,payment_issue
T103892,2025-09-26 02:44:33,app_form,67.39,"hi, restaurant left out the salad, want the money back for it. also dasher has not moved on the map for 43 minutes this is ridiculous",missing_item
T103893,2025-09-27 06:52:11,chat,74.22,hello order is 43 minutes late and still not here this is ridiculous,late_delivery
T103894,2025-08-25 18:33:39,app_form,108.4,ugh no second pizza in my delivery,missing_item
T103895,2025-09-17 20:58:17,chat,94.64,"Hey support, i was charged twice for the same order very disappointed",payment_issue
T103896,2025-08-29 07:40:37,app_form,78.42,ugh the verification code is not working. also completely wrong order delivered to me fix this asap,account_access
T103898,2025-09-26 03:13:57,chat,15.73,"Hi, password reset email never arrives very disappointed",account_access
T103899,2025-09-18 22:16:03,chat,72.42,my account got locked after i changed my phone number,account_access
T103900,2025-09-21 22:07:33,app_form,115.44,Hello only got 2 of the 5 items i paid for fix this asap,missing_item
T103901,2025-08-12 03:42:07,chat,111.34,"hey support, dasher asked me to cancel the order this is ridiculous",dasher_feedback
T103902,2025-08-04 15:53:11,chat,26.23,"hello still waiting on my food, the eta keeps moving second time this week",late_delivery
T103903,2025-09-21 17:50:44,app_form,100.71,My order came wtihout the second pizza this is ridiculous,missing_item
T103905,2025-08-13 17:38:48,chat,36.19,Hello food finally showed up cold after over an hour very disappointed,late_delivery
T103906,2025-09-04 17:45:45,chat,72.36,"HELLO WHERE IS MY ORDER, IT SAID IT WOULD ARRIVE 43 MINUTES AGO",late_delivery
T103907,2025-09-15 11:28:40,chat,55.67,"hi, this is not my oredr, i got someone elses food second time this week",wrong_order
T103909,2025-08-07 20:08:50,email,79.45,Cant log in to my account can i get a refund,account_access
T103911,2025-08-27 14:20:58,chat,70.57,my order came without the pad thai,missing_item
T103912,2025-09-16 13:12:45,chat,104.96,ugh they forgot my burrito again. also the bag had a different name on it second time this week,missing_item
T103913,2025-08-26 19:30:35,email,88.97,"hey support, wrong items, nothing matches my receipt this is ridiculous",wrong_order
T103914,2025-08-04 04:44:23,app_form,102.28,the dasher was really rude to me at the door second time this week,dasher_feedback
T103915,2025-09-04 23:05:32,app_form,53.05,hello no sauce in my delivery second time this week,missing_item
T103916,2025-08-29 00:14:23,email,114.15,Hello my order came without the dumplings,missing_item
T103917,2025-08-01 13:55:25,email,42.77,"ugh where is my order, it said it would arrive 53 minutes ago very disappointed",late_delivery
T103918,2025-08-24 00:57:27,chat,77.33,"hi, cant log in to my account this is ridiculous",account_access
T103919,2025-09-20 12:10:53,chat,91.62,"Hey support, logged out and now it will not let me sign back in this is ridiculous",account_access
T103921,2025-09-29 17:21:24,email,79.9,Dahser has not moved on the map for 55 minutes thanks,late_delivery
T103923,2025-08-18 22:52:33,chat,53.13,"estimated arrival went from 29 to 70 minutes. also dasher ate some of my fries, the box was opened this is ridiculous",late_delivery
T103924,2025-08-04 23:12:41,chat,59.95,promo code did not apply at checkout very disappoitned,payment_issue
T103925,2025-09-21 22:13:55,email,13.39,urgent: completely wrong order delivered to me,wrong_order
T103926,2025-08-23 03:43:55,chat,87.82,Urgent: my tip was taken twice please help,payment_issue
T103927,2025-08-15 23:11:15,chat,51.59,"Still waiting on my food, the eta keeps moving thanks",late_delivery
T103930,2025-09-20 08:29:06,email,27.41,bag was sealed but the chicken sandwich was missnig,missing_item
T103931,2025-08-29 16:32:34,chat,74.36,"where is my order, it said it would arrive 53 minutes ago",late_delivery
T103932,2025-09-27 08:55:51,email,78.1,"hey support, order is 32 minutes late and still not here fix this asap",late_delivery
T103933,2025-09-24 17:36:25,email,36.18,THE DASHER WAS REALLY RUDE TO ME AT THE DOOR SECOND TIME THIS WEEK,dasher_feedback
T103934,2025-09-22 02:30:24,chat,10.26,"still waiting on my food, the eta keeps moving fix this asap",late_delivery
T103935,2025-09-03 14:16:13,app_form,50.55,hello dasher has not moved on the map for 43 minutes fix this asap,late_delivery
T103936,2025-08-22 00:47:39,chat,41.89,Estimated arrival went from 52 to 68 minutes very disappointed,late_delivery
T103939,2025-09-07 17:45:14,chat,42.73,"Hlelo sitll waiting on my food, the eta keeps moving. also estmiated arrival went from 41 to 69 minutes",late_delivery
T103940,2025-09-29 10:24:55,app_form,79.92,"Hi, no garlic bread in my delivery can i get a refund",missing_item
T103941,2025-08-30 09:02:01,chat,33.08,"hi, no sauce in my delivery",missing_item
T103942,2025-09-20 16:12:56,email,66.32,order #853644: i ordered the drink but they sent second pizza please help,wrong_order
T103943,2025-08-21 04:29:25,email,28.4,Order #294345: dasher asked me to cancel the order second time this week,dasher_feedback
T103945,2025-08-11 23:52:23,chat,19.07,"ugh restaurant left out the garlic bread, want the money back for it pelase help",missing_item
T103946,2025-09-04 16:51:55,chat,10.2,estimated arrival went from 43 to 90 minutes please help,late_delivery
T103948,2025-08-10 06:10:35,app_form,103.51,Ugh estimated arrival went from 39 to 76 minutes. also i was charged twice for the same order very disappointed,late_delivery
T103949,2025-08-13 22:24:19,app_form,9.09,"Hey support, restaurant left out the chicken sandwich, want the money back for it",missing_item
T103950,2025-08-05 13:57:28,email,71.75,Driver ignored the drop off instructions second time this week,dasher_feedback
T103951,2025-08-09 04:11:14,chat,90.83,hlelo they forgot my sauce again can i get a rfeund,missing_item
T103952,2025-08-04 01:43:47,app_form,9.06,"UGH WHERE IS MY ORDER, IT SAID IT WOULD ARRIVE 21 MINUTES AGO PLEASE HELP",late_delivery
T103954,2025-08-02 19:51:25,email,112.39,"hello prmoo code did not apply at checkout. also this is not my order, i got someone elses food",payment_issue
T103955,2025-09-03 19:43:52,chat,82.53,ugh order is 42 minutes late and still not here please help,late_delivery
T103956,2025-09-27 02:56:40,chat,54.59,driver ignroed the drop off instructions please help,dasher_feedback
T103958,2025-09-15 04:35:23,chat,96.37,"HI, RESTAURANT LEFT OUT THE DUMPLINGS, WANT THE MONEY BACK FOR IT. ALSO MY TIP WAS TAKEN TWICE THANKS",missing_item
T103960,2025-08-02 05:23:44,chat,94.6,"hey support, dasher asked me to cnacel the order second time this week",dasher_feedback
T103961,2025-08-30 03:40:48,chat,26.46,urgent: they forogt my salad again,missing_item
T103963,2025-08-13 09:09:37,chat,36.11,hello estimated arrival went from 34 to 87 minutes very disappointed,late_delivery
T103964,2025-08-08 08:17:21,chat,96.18,"hi, they forgot my milkshake again very disappointed",missing_item
T103965,2025-09-27 11:00:05,chat,23.85,ugh order is 24 minutes late and still not heer. also refund was approved 9 days ago but never hit my card second time this week,late_delivery
T103966,2025-09-14 09:25:25,email,73.11,"hey suppotr, order is 23 minutes late and still not here",late_delivery
T103968,2025-08-23 04:40:47,chat,113.69,"hi, driver ignored the drop off instructions please help",dasher_feedback
T103969,2025-08-27 17:02:05,email,10.76,"hi, refund was approved 6 days ago but never hit my card this is ridiculous",payment_issue
T103970,2025-08-22 21:00:03,chat,73.97,urgent: cant log in to my account tahnks,account_access
T103972,2025-09-19 15:31:09,email,80.58,ugh dasher has not moved on the map for 36 minutes very disappointed,late_delivery
T103973,2025-09-03 06:09:29,email,10.39,"hi, order is 33 minutes late and still not here",late_delivery
T103974,2025-09-16 22:31:39,chat,10.78,"hey support, completely wrong order delivered to me fix this asap",wrong_order
T103975,2025-08-23 16:49:35,app_form,85.61,"hi, where is my order, it said it would arrive 49 minutes ago",late_delivery
T103976,2025-09-16 06:59:27,chat,20.69,"hey support, only got 3 of the 4 items i paid for thanks",missing_item
T103977,2025-09-10 11:39:45,email,69.58,ugh driver ignored the drop off instructions thanks,dasher_feedback
T103978,2025-08-22 17:55:34,email,46.29,hello the delivery person marked it delivered but never came fix this asap,dasher_feedback
T103980,2025-08-09 13:44:35,chat,67.94,estimated arrival went from 22 to 71 minutes thanks,late_delivery
T103982,2025-09-03 17:20:39,chat,106.53,"Hey support, the bag had a different name on it",wrong_order
T103983,2025-08-31 13:21:44,email,70.6,Ugh bag was sealed but the burrito was missing please help,missing_item
T103984,2025-09-20 02:47:16,app_form,100.24,the delivery person marked it delivered but never came,dasher_feedback
T103986,2025-08-18 00:12:55,app_form,81.8,"Hi, odrer is 48 minutes late and still not here",late_delivery
T103987,2025-08-28 10:04:52,email,43.53,dasher asked me to cancel the order can i get a refund,dasher_feedback
T103988,2025-08-31 22:11:47,chat,16.38,I was charged twice for the same order,payment_issue
T103989,2025-08-12 07:40:41,chat,28.29,Hlelo the verification code is not working fix this asap,account_access
T103990,2025-08-09 13:09:46,email,83.62,Urgent: promo code did not apply at checkout. also the dasher was really rude to me at the door this is ridiculous,payment_issue
T103991,2025-08-20 05:01:19,chat,44.37,Logged out and now it will not let me sign back in,account_access
T103992,2025-09-21 00:44:57,chat,114.96,"HI, ESTIMATED ARRIVAL WENT FROM 47 TO 88 MINUTES",late_delivery
T103993,2025-08-28 19:48:33,email,108.85,Order is 43 minutes late and still not here,late_delivery
T103994,2025-08-20 11:24:25,chat,43.33,"ORDER #748005: DASHER ATE SOME OF MY DRINK, THE BOX WAS OPENED THIS IS RIDICULOUS",payment_issue
T103995,2025-08-22 13:50:07,email,75.89,driver ignored the drop off instructions,dasher_feedback
T103997,2025-09-11 11:01:12,email,106.96,"Hi, card got declined but the money still left my account",payment_issue
T103998,2025-09-24 21:35:47,email,86.17,urgent: promo code did not apply at checkout can i get a refund,payment_issue
T103999,2025-08-23 02:24:36,chat,93.91,Order #399406: order is 52 minutes late and still not here pelase help,late_delivery
T104000,2025-08-13 16:01:30,chat,30.32,"Hi, estimated arrival went from 55 to 68 minutes. also i was charged twice for the same order",late_delivery
